item_1,item_2,item_3,item_4,item_5,item_6,item_7,item_8,item_9,item_10,item_11,item_12,item_13
1,1,1,1,1,1,1,1,1,1,1,1,1
1,1,1,1,1,1,1,1,1,1,1,1,1
2,2,1,2,1,1,1,1,1,1,2,1,1
1,1,1,1,1,1,1,1,1,1,1,1,1
1,1,1,1,1,1,1,1,1,1,1,1,1
2,3,2,3,1,3,2,1,2,4,3,2,2
1,1,1,2,1,1,1,4,1,2,4,4,2
3,3,3,3,2,3,1,2,3,3,3,3,1
2,1,1,1,1,1,1,1,1,2,1,1,1
1,2,1,1,1,1,1,1,1,1,1,2,1
2,2,2,1,1,2,1,1,1,1,1,2,1
2,2,1,2,1,1,1,1,1,2,2,2,1
1,1,1,1,1,1,1,1,1,1,1,1,1
1,1,1,1,1,1,1,1,1,1,1,1,1
1,1,1,1,1,1,1,1,1,1,1,1,1
1,1,1,1,1,1,1,1,1,1,1,1,1
1,1,1,1,1,1,1,1,1,1,1,1,1
1,1,1,1,1,1,1,1,1,1,1,1,1
1,1,1,1,1,1,1,1,1,1,1,2,1
1,1,1,1,1,1,1,1,1,1,1,1,1
1,1,1,1,1,1,1,1,1,1,1,1,1
1,1,1,1,1,1,1,1,1,1,1,1,1
1,1,1,2,1,1,1,1,2,2,2,2,2
2,2,2,1,1,1,1,1,1,3,1,1,1
2,3,3,4,2,2,1,2,2,1,2,1,1
1,1,1,1,1,1,1,1,1,1,1,1,1
1,1,1,1,1,1,1,1,1,1,1,1,1
1,1,1,1,1,2,1,1,1,2,1,2,1
1,1,1,1,1,1,1,1,1,1,1,1,1
1,1,1,2,1,1,1,2,1,1,1,2,1
3,2,2,1,1,2,1,2,3,2,3,2,1
2,2,1,1,1,1,1,1,1,1,1,2,1
1,1,1,1,1,2,1,1,1,2,2,1,1
1,1,1,1,1,1,1,2,1,1,1,2,1
2,2,3,2,3,3,1,2,3,2,3,3,1
1,1,1,1,1,1,1,2,1,2,2,2,1
1,1,1,1,1,1,1,1,1,1,1,1,1
2,2,2,2,3,2,2,2,3,4,3,3,2
1,1,1,1,1,1,1,1,1,1,1,1,1
1,1,1,1,1,1,1,1,1,1,1,1,1
1,1,1,1,1,1,1,1,1,1,1,1,1
1,1,1,1,1,1,1,1,1,3,1,2,1
1,1,1,1,1,1,1,1,1,1,1,1,1
2,1,1,1,1,1,1,1,1,1,1,1,1
3,4,4,2,2,3,2,2,3,2,3,3,1
2,2,1,1,1,1,1,2,2,2,2,2,1
2,2,2,1,1,2,1,3,3,1,1,2,1
3,3,1,3,1,2,1,2,3,4,1,2,1
2,4,2,2,1,2,1,3,2,3,3,3,2
1,1,3,1,1,2,1,2,3,3,2,1,1
1,1,1,1,1,1,1,1,1,2,1,2,1
1,2,1,1,1,2,1,1,1,2,1,2,1
1,1,2,1,2,2,1,1,1,1,1,2,1
1,1,1,1,1,1,1,2,1,2,1,1,1
1,1,1,1,1,1,1,1,1,1,1,1,1
3,2,3,2,2,2,1,2,1,2,3,2,2
1,2,1,2,1,1,1,3,1,1,1,2,1
1,1,1,1,1,1,1,1,1,1,1,2,2
2,2,1,3,3,2,1,1,3,1,1,1,2
2,2,2,2,1,2,1,1,2,1,1,1,1
1,1,3,1,1,1,1,2,1,1,1,1,1
2,2,2,2,2,2,1,1,1,1,2,2,1
1,1,1,1,1,1,1,1,1,1,1,1,1
3,4,3,2,1,1,2,2,2,2,1,2,2
1,2,1,2,1,1,1,3,1,1,1,2,1
1,1,1,1,1,1,1,1,1,1,1,1,1
1,2,1,2,1,1,1,2,1,1,1,2,1
1,1,1,1,1,1,1,1,1,1,1,2,1
1,1,1,1,1,1,1,1,1,1,1,1,1
2,3,1,2,2,2,1,2,2,2,2,1,1
1,1,1,1,1,1,1,1,1,1,1,1,1
1,1,1,2,1,2,1,1,1,1,1,1,1
1,1,1,1,1,1,1,1,1,1,1,1,1
2,3,3,2,2,3,2,2,3,4,3,2,2
1,1,1,2,1,1,1,2,1,1,2,2,1
1,2,1,1,1,1,1,1,1,2,1,1,1
1,1,1,1,1,1,1,2,1,2,1,2,1
1,1,1,1,1,1,1,1,1,1,1,1,1
2,2,2,2,1,2,1,2,1,2,1,2,2
1,1,1,1,1,1,1,1,1,1,1,1,1
1,1,1,1,1,1,1,1,1,1,1,1,1
1,1,1,1,1,1,1,1,1,2,1,1,1
4,2,4,2,4,2,2,3,3,2,1,2,1
3,3,3,2,1,2,1,2,2,1,3,3,2
1,1,1,1,1,1,1,1,1,1,1,1,1
1,1,1,1,1,1,1,1,1,2,1,1,1
2,2,2,2,2,2,2,2,2,4,2,4,1
2,2,3,2,1,1,1,2,1,2,1,2,1
1,1,1,1,1,1,1,1,1,1,1,1,1
1,2,1,1,1,1,1,1,1,1,1,1,1
1,1,1,1,1,1,1,1,1,1,1,1,1
1,2,3,1,1,1,1,1,2,1,2,2,1
1,1,1,1,1,1,1,1,1,1,1,1,1
2,2,1,1,1,1,1,2,1,1,1,2,1
3,3,2,2,2,2,2,3,1,2,1,1,2
2,2,2,2,2,2,1,2,1,4,2,2,1
1,1,1,1,1,1,1,1,1,1,1,1,1
1,1,1,1,1,1,1,1,1,1,1,1,1
1,1,1,1,1,1,1,1,1,1,2,2,2
1,1,1,1,1,1,1,1,1,1,1,2,1
1,1,1,1,1,1,1,1,1,1,1,1,1
1,2,2,2,1,2,1,2,2,2,2,3,1
1,1,1,1,1,1,1,1,1,1,1,1,1
1,1,1,1,1,1,1,1,1,1,1,1,1
2,3,3,2,2,2,1,2,2,2,3,3,1
1,3,1,1,1,1,1,1,1,1,1,1,1
1,1,1,1,1,1,1,1,1,2,2,1,1
1,1,1,1,1,1,1,1,1,1,1,1,1
1,1,1,1,1,1,1,1,1,2,1,1,1
1,1,1,1,1,1,1,1,1,1,1,1,1
3,4,2,1,2,2,1,1,1,2,1,1,1
1,1,1,1,1,1,1,1,1,2,1,2,1
2,1,2,1,1,1,1,1,2,3,1,2,2
1,1,1,1,1,1,1,1,1,1,1,1,1
1,1,1,1,1,1,1,4,1,1,1,1,1
2,2,2,2,2,2,1,2,2,2,2,2,1
1,1,1,1,1,1,1,1,1,1,1,1,1
1,1,1,1,1,1,1,2,1,2,1,1,1
1,1,1,1,1,2,1,1,1,2,1,1,1
2,2,2,2,2,3,1,2,1,4,1,1,1
1,1,1,1,1,1,1,2,1,2,2,2,1
2,2,2,2,2,2,1,2,3,2,2,2,1
2,2,2,3,1,2,1,1,1,3,1,3,1
1,1,1,1,1,1,1,1,1,1,1,1,1
4,4,4,4,4,4,1,2,3,3,2,2,2
1,1,1,1,1,1,1,1,1,1,1,1,1
1,2,1,2,1,1,1,1,1,1,1,1,1
1,2,1,2,1,1,1,1,1,1,2,2,1
1,1,1,2,1,1,1,2,1,1,2,2,1
3,2,2,1,1,1,1,1,1,1,1,1,1
3,4,4,3,2,4,2,3,3,4,3,2,1
1,1,1,1,1,1,1,1,1,1,1,2,1
1,2,2,1,2,2,1,2,1,1,1,1,1
1,2,2,1,2,2,1,1,1,2,2,3,1
3,3,2,3,4,2,3,4,2,4,1,2,3
3,3,1,2,1,1,1,1,1,1,2,2,1
3,3,4,4,4,4,2,3,3,4,4,4,2
1,2,1,1,1,2,1,1,2,1,2,1,1
2,2,3,3,3,3,2,2,3,3,3,3,1
1,4,3,1,1,2,1,3,1,4,1,1,1
1,1,1,1,1,1,1,1,1,1,1,1,1
2,2,2,2,1,2,1,2,2,3,1,3,2
1,1,2,2,1,1,1,2,1,2,1,1,1
1,2,1,1,2,1,1,1,1,1,1,2,1
1,1,2,2,1,1,1,2,1,1,1,2,1
2,3,4,3,1,4,2,3,1,1,1,3,2
1,1,1,1,1,1,1,1,1,1,1,1,1
3,3,4,3,2,4,1,2,1,4,1,2,4
2,2,2,2,1,2,1,2,2,2,2,2,2
2,2,1,1,1,1,1,1,1,2,1,1,1
1,1,1,1,1,1,1,1,1,1,1,1,1
3,4,1,4,1,1,1,4,1,1,1,2,1
2,2,2,2,1,2,1,3,2,3,3,4,1
1,1,1,1,1,1,1,2,2,2,2,1,1
2,2,3,2,1,2,1,2,2,1,2,1,1
1,1,1,1,1,1,1,1,1,2,2,2,1
1,2,1,1,1,2,1,1,1,1,1,1,2
1,1,1,1,1,1,1,1,1,1,1,1,1
2,2,3,2,2,2,1,2,2,1,2,1,1
1,1,1,1,1,1,1,1,1,1,1,1,1
1,1,2,1,1,2,1,1,1,4,2,1,1
1,1,1,1,1,1,1,2,1,1,1,1,2
1,1,1,1,1,1,1,1,1,1,1,1,1
1,1,1,1,1,1,1,1,1,1,1,1,1
3,1,1,1,1,1,1,2,1,1,2,2,2
1,1,1,1,1,1,1,1,2,1,1,2,3
2,2,1,1,1,1,1,1,1,2,1,1,1
3,3,3,3,4,3,2,1,2,2,3,2,3
2,2,1,2,1,1,1,2,1,3,2,1,1
1,3,3,2,1,1,1,1,1,3,1,3,4
3,2,3,2,2,2,1,2,2,3,2,3,2
2,2,2,2,1,1,1,1,1,1,2,2,1
1,1,1,1,1,1,1,1,1,1,1,1,1
1,1,1,1,1,1,1,1,1,1,1,1,1
1,1,1,2,1,1,1,1,1,2,2,2,1
1,1,1,1,1,1,1,1,1,3,1,1,1
1,1,1,1,1,1,1,1,1,1,1,1,1
1,1,1,1,1,1,1,1,1,2,1,1,1
2,2,2,3,2,2,1,2,1,2,2,1,1
4,4,4,4,4,4,1,3,3,4,3,3,2
2,1,1,2,2,1,1,2,1,3,3,2,2
1,1,2,1,1,1,1,1,1,1,1,1,1
1,2,2,1,1,2,1,1,2,2,1,2,1
1,3,2,2,3,3,2,3,2,3,1,2,3
1,1,1,1,1,1,1,1,1,1,1,1,1
1,1,1,2,1,1,1,2,1,3,2,3,1
1,1,1,1,1,1,1,1,1,2,1,2,1
2,2,2,2,1,2,1,2,2,2,2,2,1
2,2,1,1,1,2,1,1,1,1,2,1,1
2,2,1,2,1,2,1,2,2,2,2,2,2
1,1,1,1,1,1,3,1,1,1,1,1,1
1,2,2,2,2,2,1,1,3,1,2,1,1
2,2,3,4,3,2,1,1,1,4,2,4,1
2,2,2,1,2,2,1,1,3,2,3,2,1
1,1,1,1,1,1,1,1,1,1,1,1,1
1,1,1,1,1,1,1,1,1,1,1,1,1
2,2,2,2,1,1,2,2,1,3,2,3,1
2,2,2,1,1,1,1,1,2,2,2,2,1
1,1,1,1,1,1,1,1,1,1,1,2,1
2,4,4,2,2,4,2,3,3,4,2,2,1
1,1,1,1,1,1,1,1,1,1,1,1,1
1,1,1,1,1,1,1,1,1,1,1,1,1
3,2,3,3,2,3,1,2,2,3,3,3,2
1,1,1,1,1,1,1,1,1,1,1,1,1
2,1,1,2,1,1,1,1,2,1,2,1,1
2,2,3,2,1,2,1,1,2,1,2,2,1
3,2,1,4,1,2,1,4,1,2,3,2,3
1,1,1,1,1,1,1,1,1,2,1,1,1
1,1,1,1,1,1,2,2,1,1,1,1,1
1,1,1,1,1,1,1,1,1,2,1,1,1
1,1,1,1,1,1,1,3,1,3,1,2,1
2,3,2,3,1,2,1,3,2,1,2,2,1
3,3,4,2,2,4,3,3,3,2,3,4,3
1,1,1,1,1,1,1,1,1,2,2,1,1
1,1,1,1,1,1,1,1,1,1,1,1,1
2,2,2,2,2,2,1,2,2,2,2,2,2
1,1,1,1,1,1,1,1,1,1,1,1,1
2,2,1,2,1,2,1,2,2,2,2,3,2
1,1,1,1,1,1,1,1,1,2,2,1,1
1,1,1,1,1,1,1,1,1,1,1,1,1
1,1,1,1,1,1,1,1,1,1,1,1,1
2,2,2,3,1,3,1,3,1,1,2,3,1
3,3,3,3,2,3,2,3,2,3,2,3,2
1,1,1,1,1,1,1,1,1,2,1,1,1
1,1,2,2,1,1,1,2,1,2,3,1,1
2,2,2,2,2,2,1,2,2,2,2,2,1
1,1,2,1,1,2,1,1,1,2,2,2,1
2,1,1,1,1,1,1,2,1,1,1,2,1
1,1,1,1,1,1,1,1,1,1,1,2,2
1,2,1,1,1,1,2,3,1,1,1,1,1
1,1,1,1,1,1,1,1,1,1,1,2,2
1,1,1,1,1,1,1,1,1,1,1,1,1
1,2,1,1,1,1,1,2,1,1,1,2,1
1,1,1,1,1,1,1,1,1,1,2,1,1
1,1,1,1,1,1,1,1,1,1,1,1,1
1,1,1,1,1,1,1,1,1,1,1,1,1
1,1,1,1,1,1,1,1,1,1,1,1,1
1,1,1,1,1,1,1,1,1,1,1,1,1
1,1,1,1,1,1,1,1,1,1,1,1,1
2,1,2,2,2,2,1,2,2,2,2,2,1
1,1,1,1,1,1,1,1,1,1,1,1,1
1,1,1,1,1,1,1,1,1,1,1,1,1
1,1,1,1,1,1,1,1,1,1,1,1,1
1,1,1,1,1,1,1,1,1,1,1,1,1
1,1,2,2,1,1,1,1,2,1,2,2,1
2,2,2,2,2,2,1,2,2,4,2,2,2
2,1,2,2,1,2,1,2,3,1,1,1,1
4,4,3,3,1,2,1,1,2,1,2,1,1
1,1,2,1,1,1,1,2,1,3,1,2,2
1,2,1,1,1,1,1,2,1,1,1,1,1
2,2,2,2,2,2,1,1,2,2,2,2,2
3,4,4,2,4,4,1,2,3,4,2,2,1
2,1,3,2,2,2,1,3,2,4,2,2,3
1,1,2,2,2,2,1,1,2,1,2,2,1
1,2,1,2,1,1,1,1,1,2,2,2,1
1,1,1,1,1,1,1,1,1,2,1,1,1
1,1,1,1,1,1,1,1,1,2,2,2,1
1,1,2,1,1,1,1,1,1,2,2,2,1
1,1,1,1,1,1,1,1,1,1,1,1,1
2,2,2,2,2,2,2,3,3,2,3,2,1
1,1,1,1,1,1,1,1,1,1,1,1,1
2,2,2,2,2,2,2,1,1,2,1,2,3
4,4,4,3,4,3,2,3,3,3,3,4,1
3,2,3,2,2,2,2,3,2,2,2,1,1
2,2,1,2,1,1,1,1,1,1,1,2,1
1,2,1,1,1,1,1,1,1,1,1,2,1
1,2,2,2,1,2,1,2,1,3,2,1,1
1,1,1,1,1,2,2,1,1,4,2,3,1
4,2,4,2,4,3,1,2,4,3,3,3,3
1,1,1,1,1,1,1,1,1,1,1,1,1
1,1,1,1,1,1,1,1,1,1,1,2,1
1,1,1,2,1,2,1,1,1,2,2,2,2
1,2,1,1,1,1,1,1,1,2,1,2,2
1,1,1,1,1,1,1,1,1,1,1,1,1
1,1,1,1,1,1,1,4,1,1,1,1,1
2,3,2,2,1,2,1,2,1,2,2,2,1
1,1,1,1,1,1,1,1,1,1,1,1,1
1,1,1,1,1,1,1,1,1,2,1,2,1
1,1,1,1,1,1,1,1,1,2,2,2,1
1,1,1,1,1,1,1,1,1,1,1,1,1
3,3,3,3,2,2,2,3,2,3,3,4,1
3,2,2,2,1,2,1,1,2,1,2,2,1
1,2,1,1,1,1,1,1,1,1,1,1,1
1,2,2,1,1,2,1,1,1,1,1,1,1
1,2,1,1,1,1,1,1,1,1,1,1,1
2,3,4,2,3,3,1,2,3,3,3,2,1
2,2,1,2,1,1,1,1,1,2,1,2,1
1,1,1,1,1,1,1,1,1,2,1,2,1
4,4,3,2,1,2,1,2,2,3,1,4,2
4,3,2,2,2,3,2,2,2,3,2,4,3
1,1,1,1,1,1,1,2,1,1,1,1,1
1,1,2,2,1,1,1,2,1,1,1,1,1
1,1,1,1,1,1,1,1,1,1,1,1,1
1,1,1,1,1,1,1,1,1,1,1,2,1
2,2,2,1,2,3,1,2,3,1,2,3,1
1,1,1,1,1,1,1,1,1,1,1,1,1
1,1,1,1,1,1,1,1,1,1,1,1,1
1,1,1,1,1,1,1,1,1,1,1,1,1
1,1,1,1,1,1,1,1,1,2,2,2,1
2,1,1,3,3,1,1,1,2,1,1,2,2
2,2,2,3,2,1,1,2,3,3,2,2,2
1,1,1,1,1,1,1,1,1,1,1,1,1
1,2,1,1,1,1,1,1,1,2,1,2,1
1,2,1,1,1,1,1,1,1,1,1,1,2
1,1,2,1,1,1,1,1,2,2,1,2,1
1,1,1,1,1,1,1,1,1,1,1,1,1
2,1,1,1,1,1,1,1,1,1,2,1,2
1,1,1,1,1,1,1,1,1,1,1,1,1
2,2,3,2,1,2,1,1,1,1,1,2,3
1,1,1,1,1,1,1,1,1,1,1,1,1
1,1,1,1,1,1,1,1,1,1,1,1,1
1,1,1,1,1,1,1,1,1,1,1,1,1
1,1,2,1,1,1,1,1,1,1,1,1,1
1,1,1,1,1,1,1,1,1,1,1,1,1
2,4,2,3,3,2,1,3,1,1,3,2,1
1,1,1,1,1,1,1,1,1,2,2,2,1
2,2,1,1,1,2,1,2,3,3,3,3,4
1,2,1,1,1,1,1,1,1,1,1,1,1
1,1,1,1,1,1,1,1,1,1,1,1,1
2,2,1,1,2,2,1,1,2,1,2,2,1
1,1,1,2,1,2,1,1,1,1,1,1,1
1,1,1,1,1,1,1,1,1,1,1,1,1
3,2,2,2,1,2,1,4,2,1,2,1,3
2,4,2,3,2,4,2,2,2,1,3,2,2
1,1,1,1,1,1,1,1,1,1,1,1,1
3,4,2,3,1,2,1,2,4,1,2,3,3
1,4,1,4,4,1,3,1,2,3,4,2,1
1,1,1,1,1,1,1,1,1,1,1,2,1
1,2,1,2,1,2,1,2,2,1,1,2,1
2,1,1,2,1,2,1,2,2,2,2,2,1
1,1,1,1,1,1,1,2,2,2,2,2,1
1,1,2,1,1,1,1,2,1,3,1,2,1
3,3,4,3,1,4,2,3,2,1,2,2,1
1,2,1,1,1,1,1,1,2,1,1,1,1
1,2,1,1,1,1,1,1,1,2,1,1,1
1,2,1,2,1,2,1,3,1,2,1,2,1
1,1,1,1,1,1,1,1,1,1,1,2,2
1,2,1,1,1,2,1,1,1,1,1,2,1
1,1,1,1,1,1,1,1,1,1,1,1,1
2,3,2,4,2,2,1,2,3,2,1,2,2
1,1,1,1,1,1,1,1,1,2,1,1,1
1,1,1,1,1,1,1,2,1,2,1,1,1
1,2,2,2,2,3,3,3,2,3,2,3,3
1,1,1,2,1,1,1,1,1,3,1,2,1
1,1,1,2,1,1,1,1,1,2,1,1,1
1,1,1,2,1,2,1,2,1,1,1,1,3
2,3,3,2,4,3,2,2,3,4,3,1,1
2,2,2,2,2,2,1,2,3,2,2,2,1
2,1,1,2,1,1,1,1,1,2,1,2,1
1,1,1,1,1,1,1,1,1,1,1,1,1
1,1,1,1,1,1,1,1,2,3,2,2,1
1,1,1,1,1,1,1,1,1,1,1,2,1
2,3,2,3,4,3,3,4,3,3,4,2,4
2,2,2,2,2,2,1,2,3,2,2,3,1
2,2,3,2,2,3,2,3,2,4,3,2,1
1,2,2,1,1,2,1,1,1,2,1,1,1
1,1,1,1,2,1,1,1,1,1,1,1,1
1,1,2,1,1,1,1,2,1,3,1,1,1
1,1,1,1,1,1,1,1,1,2,1,1,1
1,1,1,1,1,1,1,1,1,1,1,1,1
1,1,1,1,1,1,1,1,1,2,1,1,2
1,1,1,1,1,1,1,1,1,1,1,2,1
1,1,1,1,1,1,1,1,1,1,1,1,1
2,3,3,2,1,2,1,2,3,3,3,2,1
2,2,3,2,1,3,2,2,2,4,3,3,2
1,2,1,1,1,1,1,1,1,1,1,1,1
1,1,1,1,1,1,1,1,1,1,1,1,1
2,2,2,1,2,2,1,2,1,2,2,1,1
1,1,1,1,1,1,1,1,1,1,1,1,1
1,1,1,1,1,1,1,1,1,1,1,1,1
1,1,1,1,1,1,1,1,1,1,1,1,1
1,1,1,1,1,1,1,1,1,1,1,1,1
1,2,2,1,1,1,1,1,1,1,1,1,1
2,2,2,2,2,2,1,2,2,3,1,2,1
1,1,1,1,1,1,1,1,1,1,1,1,1
2,2,1,1,1,1,1,1,2,1,2,1,1
1,1,1,1,2,1,1,1,1,1,1,1,1
1,2,1,2,3,2,1,2,1,1,1,2,1
1,1,1,1,1,1,1,1,1,1,1,2,1
1,1,1,1,1,1,1,1,1,2,1,1,1
1,1,4,1,1,1,1,1,1,1,1,1,1
1,1,1,1,1,1,1,1,1,1,1,1,1
3,4,3,3,2,4,2,2,3,4,3,4,1
1,1,1,1,1,1,1,2,2,1,1,1,1
3,2,3,2,2,2,2,3,2,3,2,2,2
1,2,3,2,2,2,1,2,1,1,2,2,1
1,1,1,1,1,1,1,1,1,2,1,2,1
1,1,1,1,1,1,1,1,1,1,1,1,1
2,1,1,1,1,1,1,1,2,2,1,3,1
1,1,2,1,1,1,1,2,1,2,1,1,1
2,2,1,1,2,2,1,1,2,2,2,2,1
3,2,1,2,1,2,1,2,1,4,3,4,1
1,1,1,2,1,2,1,2,2,2,2,2,1
1,1,1,1,1,1,1,2,1,1,1,1,1
1,1,1,1,1,1,1,2,2,2,1,2,1
1,1,1,1,1,1,1,1,1,1,1,1,1
2,2,2,2,2,2,2,2,2,2,2,2,2
4,4,4,4,3,4,4,3,4,4,4,4,1
1,1,1,1,1,1,1,1,1,1,1,1,1
3,4,4,3,4,3,2,3,3,4,2,3,1
1,1,1,1,1,1,1,1,1,2,1,2,1
1,1,1,2,1,1,1,1,1,2,2,2,1
1,1,1,1,1,1,1,1,1,1,1,1,1
2,2,2,3,1,2,1,3,2,1,3,3,3
1,1,1,1,1,1,1,2,1,2,1,1,1
1,1,1,1,1,1,1,1,1,1,1,1,1
1,1,1,1,1,1,1,1,1,1,1,1,1
1,1,1,1,1,1,1,1,1,1,1,1,1
1,4,2,2,1,2,1,2,1,3,2,4,1
2,2,3,3,3,2,1,2,3,2,4,4,2
2,2,3,2,2,2,1,2,1,2,2,2,2
1,2,1,1,1,1,1,1,1,1,1,2,2
1,1,1,1,1,1,1,1,1,1,1,1,1
2,3,3,2,2,2,1,2,1,3,2,3,1
1,1,1,1,1,1,1,2,1,1,1,1,1
1,2,2,1,1,2,1,1,1,1,1,1,1
1,1,1,1,1,1,1,2,1,1,1,2,1
1,1,1,1,1,1,1,1,1,1,2,1,1
1,1,1,1,1,1,1,1,1,2,1,1,1
2,2,2,2,3,2,1,1,2,1,1,3,1
1,1,1,1,1,1,1,1,1,1,1,1,1
1,1,1,1,1,1,1,1,1,2,1,2,1
1,1,1,1,1,1,1,1,1,1,1,1,1
2,2,2,2,2,2,1,2,2,1,2,2,1
2,2,2,2,1,2,1,2,2,1,1,3,1
1,1,1,1,1,1,1,1,1,1,1,1,1
1,2,1,1,1,1,1,1,1,1,1,2,1
2,3,2,2,1,2,1,3,1,2,1,2,1
1,1,1,1,1,1,1,1,1,1,1,1,1
1,1,1,2,2,2,1,1,1,1,2,2,2
1,1,1,1,1,1,1,1,1,1,1,1,1
1,1,1,1,1,1,1,1,1,1,1,1,1
1,2,1,2,1,2,1,1,2,2,2,2,1
3,2,2,3,2,2,1,1,2,4,2,2,4
1,1,1,1,1,1,1,1,1,2,2,1,1
2,2,1,2,2,1,2,2,2,2,2,2,2
2,2,2,1,1,2,1,1,1,2,1,2,1
2,2,2,2,1,2,1,2,1,2,1,2,2
2,2,1,1,1,2,1,1,2,2,3,2,1
1,1,1,1,1,1,1,1,1,1,1,1,1
2,2,2,2,1,2,1,3,3,2,1,2,1
1,1,2,1,2,2,1,1,2,1,1,2,1
3,4,3,2,2,2,1,3,1,1,3,3,1
1,1,1,1,1,1,1,1,1,2,1,1,1
3,2,2,2,1,1,1,2,2,2,3,2,2
2,1,2,2,1,2,1,2,2,2,2,2,2
2,2,4,3,1,2,1,2,1,4,1,2,1
1,1,1,1,1,2,1,2,1,2,2,2,1
1,1,2,1,1,1,1,1,1,2,1,1,1
2,2,1,2,2,2,1,2,2,2,2,2,1
2,2,2,2,2,2,1,2,1,2,2,2,1
3,2,3,3,2,3,2,2,3,3,2,3,3
1,1,1,1,1,2,1,1,1,3,2,2,1
1,1,1,1,1,1,1,2,1,2,1,2,1
2,2,3,2,3,3,1,2,1,4,2,2,1
2,1,1,1,1,1,1,1,1,1,1,1,1
1,2,2,2,2,2,1,2,2,2,2,2,2
1,1,1,1,1,1,1,1,3,2,1,1,1
4,4,4,4,4,4,2,4,3,4,3,3,1
2,4,1,2,1,1,1,1,2,2,4,4,1
1,1,1,1,1,1,1,1,1,1,1,1,1
1,2,1,1,1,1,1,2,1,3,1,1,1
3,3,4,4,4,4,1,3,3,4,3,3,2
1,1,1,1,1,1,1,2,1,1,1,1,1
1,2,1,1,2,1,1,2,2,1,2,2,1
2,2,3,1,2,2,1,3,3,1,2,3,1
1,1,1,1,1,1,1,1,1,2,1,1,1
2,1,1,1,1,1,1,2,1,2,1,1,1
1,1,1,1,1,1,1,1,1,1,1,1,1
1,1,1,1,1,1,1,1,1,1,1,1,1
1,1,1,1,1,1,1,1,1,2,1,2,1
1,1,1,2,1,1,2,1,2,1,2,1,1
1,1,1,1,1,1,1,3,1,1,1,1,1
2,2,2,2,1,2,2,2,2,1,1,2,1
2,1,2,1,1,2,1,1,1,2,1,2,1
1,1,1,1,1,1,1,1,1,1,1,1,1
1,1,1,1,1,1,1,1,1,1,1,1,1
1,1,1,1,1,1,1,1,1,1,1,1,1
2,2,3,2,3,2,1,2,1,3,1,2,1
1,1,1,1,1,1,1,1,2,2,1,2,1
1,1,1,1,1,1,1,1,1,1,1,1,1
1,1,1,2,1,2,1,1,1,2,2,1,1
2,2,2,2,2,2,1,2,2,2,2,2,1
1,1,1,1,1,1,1,1,1,1,1,2,1
1,1,1,1,1,1,1,1,1,1,1,1,1
4,4,4,4,3,4,4,4,4,4,3,3,2
1,1,1,1,1,1,1,1,1,1,1,1,1
1,1,1,1,1,1,1,1,1,2,1,2,1
1,1,1,1,1,1,1,1,1,1,1,1,1
1,1,1,1,1,1,1,1,1,1,1,2,1
1,1,1,1,1,1,1,1,1,1,1,1,1
1,2,1,4,1,1,1,3,2,1,2,3,2
1,1,1,1,1,1,1,1,1,2,1,2,1
1,1,1,1,1,1,1,1,1,2,1,1,1
2,2,2,2,2,2,1,2,2,2,3,3,2
1,1,1,2,1,1,1,2,1,1,1,2,1
1,1,1,1,1,1,1,1,1,1,1,1,1
2,2,2,2,1,2,1,2,2,1,2,3,1
1,1,1,1,1,1,1,1,1,1,1,1,1
1,1,1,1,1,1,1,1,1,1,1,1,1
1,1,2,1,1,1,1,1,1,1,1,2,1
4,4,4,4,4,4,2,3,3,3,1,1,1
1,1,1,1,1,1,1,2,1,1,1,1,1
4,3,4,4,3,2,1,4,3,3,4,4,3
1,1,1,1,1,1,1,1,2,2,1,2,1
1,2,1,1,1,1,1,1,1,1,1,2,1
1,1,1,1,1,1,1,1,1,1,1,1,1
1,1,1,1,1,1,1,1,1,1,1,1,1
1,1,1,1,1,1,1,1,1,1,1,1,1
1,2,2,1,1,1,1,1,1,1,1,2,1
2,4,4,2,4,3,2,3,3,4,1,1,1
1,2,1,1,1,1,2,1,2,1,1,2,1
1,1,1,1,1,1,1,1,1,1,1,1,1
2,2,2,2,1,2,1,1,1,1,2,3,2
1,1,1,1,1,1,1,1,1,1,1,1,1
1,2,1,1,1,1,1,1,1,1,1,1,1
1,1,1,1,1,1,1,1,1,1,1,1,1
1,1,1,1,1,1,1,1,1,1,1,1,1
1,1,1,1,1,1,1,1,1,1,1,1,1
2,2,3,2,2,2,1,2,2,2,2,2,1
1,1,1,1,1,1,1,1,1,1,1,1,1
2,1,2,2,2,2,1,2,2,1,1,1,2
1,1,1,1,1,1,1,2,1,1,1,1,1
1,2,1,1,1,1,1,1,1,3,2,2,1
1,1,1,1,1,1,1,1,1,1,1,1,1
1,1,1,1,1,1,1,1,1,1,1,1,1
2,2,1,2,1,2,1,2,1,2,2,2,2
2,4,4,4,4,4,2,3,3,4,3,4,1
3,2,2,2,2,2,1,1,1,2,3,2,1
2,1,1,2,1,1,1,1,1,1,1,1,1
1,1,1,1,1,1,1,1,1,1,1,1,1
1,1,2,1,1,1,1,1,1,1,1,1,1
1,1,1,1,1,1,1,1,1,1,1,2,1
1,1,1,1,1,1,1,1,1,2,1,1,1
3,3,3,2,3,2,1,3,3,2,3,3,3
1,2,1,1,1,1,1,1,1,1,1,1,2
2,3,2,2,2,3,3,3,2,3,2,2,2
1,1,1,1,1,1,1,1,1,1,1,1,1
4,4,4,4,4,4,1,3,3,3,3,4,2
1,1,1,1,1,1,1,1,1,1,1,1,1
1,1,1,1,1,1,1,1,1,1,1,1,1
1,2,2,3,4,3,4,3,2,1,2,3,1
3,2,3,2,2,2,1,2,2,3,3,2,2
1,1,1,1,1,1,1,2,1,2,1,2,1
1,1,1,1,1,1,1,1,1,1,1,1,1
1,2,1,2,1,1,1,2,2,2,1,2,2
1,1,1,1,1,1,1,2,1,1,2,2,1
1,1,1,1,1,1,1,1,1,1,1,1,1
1,2,1,2,1,2,2,2,3,1,1,2,4
1,1,1,1,1,1,1,1,1,1,1,1,1
1,1,1,1,1,1,1,1,1,1,1,1,1
1,1,1,1,1,1,1,1,1,1,1,2,1
1,1,1,1,1,1,1,1,1,1,1,1,1
1,1,1,1,1,1,1,1,1,1,1,1,1
1,1,1,1,1,1,1,1,1,1,1,1,1
1,2,1,1,1,1,1,1,1,1,1,1,1
1,1,1,1,1,1,1,1,1,1,1,2,1
1,1,1,1,1,1,1,1,1,1,1,1,1
1,1,1,1,1,1,1,1,1,1,1,2,1
1,1,1,1,1,2,1,1,1,2,1,1,1
1,1,1,1,1,1,1,1,1,2,1,1,1
3,3,4,4,3,3,2,3,2,2,3,3,1
1,1,2,1,1,1,1,2,1,2,1,1,1
1,1,1,2,1,1,1,2,1,1,2,1,1
1,2,2,1,2,2,1,2,2,1,1,2,1
2,4,3,2,2,2,2,1,2,2,2,2,1
1,1,1,1,1,1,1,1,1,2,1,1,1
1,1,1,1,1,1,1,2,2,2,1,1,1
2,2,1,1,1,1,1,1,1,1,1,1,1
1,1,1,2,1,2,1,2,1,3,1,3,2
1,1,1,2,2,1,1,2,2,1,2,1,2
1,2,2,2,1,2,1,2,1,1,1,1,1
1,1,1,1,1,1,1,1,1,1,1,1,1
1,1,1,1,1,1,1,2,1,1,1,2,1
1,1,2,2,2,2,1,1,1,2,1,2,1
1,1,1,1,1,1,1,1,1,1,1,1,1
1,1,1,1,1,1,1,1,1,1,1,1,1
1,2,2,1,2,2,1,2,2,4,2,1,1
3,3,4,3,4,3,1,3,3,3,3,3,1
1,1,1,1,1,1,1,1,1,1,1,1,1
1,1,1,1,1,1,1,1,1,1,1,2,1
1,1,1,1,1,1,1,1,1,1,1,1,1
1,1,1,1,1,2,1,1,1,1,2,1,1
3,2,2,2,2,2,2,3,1,2,3,2,2
1,2,2,2,2,2,1,2,2,2,2,2,1
1,1,1,1,1,1,1,1,1,1,1,1,1
2,3,2,3,3,2,2,3,2,3,2,3,2
1,2,3,1,2,2,1,1,1,1,1,1,1
1,2,1,2,1,1,1,1,1,2,1,1,1
2,2,1,1,1,1,1,1,2,1,2,1,1
1,1,1,1,1,1,1,2,2,1,1,1,1
1,1,1,1,1,1,1,1,1,1,1,1,1
2,2,2,2,3,2,1,1,1,2,1,1,1
1,1,1,1,1,1,1,1,1,1,1,2,1
1,1,1,1,1,1,1,2,1,1,1,1,1
1,1,1,1,1,1,1,1,1,1,2,2,1
1,1,1,1,2,1,1,1,1,2,2,2,1
1,1,1,1,1,1,1,1,1,2,1,1,2
1,2,2,1,1,2,1,1,1,2,1,2,1
1,1,1,1,1,1,1,1,1,1,1,1,1
1,3,1,1,1,1,1,1,1,2,1,1,1
1,1,1,1,1,1,1,1,1,1,1,1,1
1,1,1,1,1,1,1,1,1,1,1,1,1
2,3,3,2,2,2,2,2,3,3,2,3,2
3,3,3,3,1,3,1,3,3,3,2,2,1
1,1,1,1,1,1,1,1,1,1,1,1,1
1,2,1,1,1,1,1,1,1,1,1,2,1
1,1,1,1,1,1,1,1,1,1,1,1,1
1,2,1,1,1,1,1,1,1,1,1,2,2
1,1,3,1,1,2,1,1,1,1,2,2,1
1,1,1,1,1,1,1,2,1,1,2,1,1
3,2,1,1,1,1,1,1,1,1,1,2,2
1,2,1,1,1,1,1,1,2,1,2,2,1
2,2,2,2,3,2,1,2,3,2,2,3,1
4,4,4,4,4,4,2,4,3,4,3,4,2
1,1,1,1,1,1,1,1,1,1,1,1,1
1,1,1,1,1,1,1,1,1,1,1,1,1
1,1,1,1,3,1,1,1,1,1,1,1,1
1,1,1,1,1,1,1,1,1,1,1,1,1
3,4,3,1,4,3,2,3,3,1,2,3,3
1,2,2,1,1,2,1,1,2,2,3,4,1
1,1,1,2,1,1,1,2,1,2,1,2,1
2,1,1,2,1,1,1,2,1,1,1,2,1
4,3,2,4,3,2,1,3,3,2,3,2,2
1,1,1,1,1,1,1,2,1,3,2,2,1
3,2,3,1,3,1,2,3,2,3,2,2,2
3,3,2,3,2,2,3,2,2,3,2,3,3
1,2,1,1,1,1,1,2,1,1,1,1,1
3,3,3,2,2,2,1,3,1,4,1,3,2
1,1,1,2,1,2,1,1,2,3,1,2,1
2,2,2,2,1,1,1,2,1,2,2,2,2
2,2,2,2,1,2,1,2,1,3,3,3,3
1,1,2,2,1,1,1,1,1,1,1,1,1
1,1,1,1,1,1,1,2,1,1,1,1,1
1,1,1,2,1,1,1,2,1,2,1,2,1
2,1,1,1,1,2,1,2,2,1,1,2,1
1,1,1,1,1,1,1,1,1,1,1,1,1
2,1,1,1,1,1,1,1,1,2,2,2,1
2,1,2,2,2,2,1,2,1,2,1,2,1
1,1,1,1,1,1,1,1,1,1,1,1,1
1,1,1,2,1,1,1,1,1,2,1,2,1
1,1,1,1,1,1,1,1,1,1,1,1,1
1,2,1,1,1,1,1,2,1,1,1,1,1
2,1,2,3,1,2,1,3,2,2,2,2,1
1,1,2,2,2,1,1,1,1,2,1,2,1
1,1,1,1,1,1,1,1,1,1,1,1,1
1,1,1,2,1,1,1,1,3,3,1,1,2
1,1,1,1,1,1,1,1,1,1,1,1,1
1,1,1,1,1,1,1,1,1,1,1,1,1
1,1,1,1,1,1,1,2,2,1,1,1,2
2,1,2,1,3,2,1,1,1,2,2,1,1
1,1,1,1,1,1,1,1,1,1,1,1,1
1,1,1,1,1,1,1,1,1,1,1,1,1
1,2,2,2,1,1,1,1,1,1,1,2,1
1,1,1,1,1,1,1,2,2,2,1,1,1
2,2,3,2,2,2,1,2,2,2,3,2,2
2,2,3,4,2,2,1,1,3,3,2,3,2
1,2,1,1,1,1,1,2,1,1,1,2,1
2,3,2,1,2,2,2,2,1,2,3,3,3
2,2,3,2,1,2,1,2,3,2,2,2,1
2,2,1,2,1,2,1,1,1,2,1,1,1
1,1,1,1,1,1,1,1,1,1,1,1,1
2,4,4,3,4,4,2,2,3,4,3,3,1
1,1,2,1,1,2,1,1,1,3,2,1,1
1,1,1,1,1,1,1,1,1,1,1,1,1
2,3,3,2,3,3,1,2,3,2,2,2,2
2,3,2,1,1,4,1,3,3,3,1,2,1
1,2,2,1,2,2,1,2,1,1,2,4,4
1,2,1,1,1,1,1,1,1,1,1,1,1
2,2,2,3,1,2,1,2,1,2,1,3,1
1,1,1,1,1,1,1,1,1,1,1,1,1
4,4,4,4,3,4,2,2,3,2,3,4,1
1,1,1,1,1,1,1,1,1,1,1,1,1
2,3,2,2,3,2,1,3,1,2,2,3,2
2,2,2,1,1,1,1,1,1,1,2,2,2
2,2,2,1,2,2,2,3,1,2,1,3,3
1,1,1,1,1,1,1,1,1,1,1,1,1
1,1,2,2,1,1,2,2,2,1,3,2,1
1,1,1,1,1,1,1,1,1,1,1,1,1
1,1,1,1,1,1,1,1,1,1,1,2,1
2,2,2,2,1,2,1,1,2,3,2,2,2
2,2,2,2,2,2,1,2,2,2,2,2,1
1,1,1,1,1,1,1,1,1,1,1,1,1
1,1,2,1,1,1,1,1,1,3,1,1,1
1,1,1,1,1,1,1,1,1,1,1,1,1
1,1,1,1,1,1,1,1,1,2,2,2,1
1,1,1,1,1,1,1,1,1,1,1,1,1
1,2,1,1,1,1,1,1,2,1,1,2,1
1,1,2,1,2,2,1,1,1,2,1,1,1
2,3,2,2,2,2,2,2,3,2,2,2,1
2,2,2,2,2,3,1,2,2,1,3,2,2
2,1,1,2,2,2,1,2,2,2,2,1,2
1,1,1,2,1,2,1,3,2,3,2,2,4
1,1,1,1,1,1,1,1,1,1,1,1,1
3,3,3,3,4,3,2,3,4,4,3,3,3
1,1,1,1,1,1,1,1,1,1,1,1,1
1,1,1,1,1,1,1,1,1,1,1,1,1
4,4,2,4,2,4,4,1,2,3,1,3,1
1,1,1,1,1,1,1,1,1,1,1,1,1
1,1,1,1,1,1,1,1,1,1,1,1,1
1,1,1,1,1,1,1,1,1,1,1,1,1
1,1,1,1,1,1,1,1,1,2,1,2,1
1,2,3,2,4,2,3,4,3,3,2,3,4
2,2,2,2,3,2,1,2,3,3,3,2,2
1,1,1,1,1,1,1,1,1,1,1,1,1
2,3,1,4,1,2,1,1,1,4,3,4,1
1,1,1,1,1,1,1,1,1,1,1,1,1
1,1,1,1,1,1,1,1,1,1,1,1,1
2,1,3,2,1,1,1,3,3,1,2,1,1
2,2,1,2,1,1,1,1,1,1,1,2,1
2,1,1,1,2,2,1,1,1,1,1,1,1
2,2,2,2,1,1,1,2,2,2,2,3,3
1,1,1,1,1,1,1,1,2,1,2,2,1
2,1,1,1,1,1,1,1,2,1,2,2,2
1,1,1,1,1,1,1,1,1,2,1,1,1
1,1,1,1,1,1,1,1,1,1,1,1,1
1,1,1,1,1,1,1,1,1,1,1,1,1
2,2,2,2,2,2,1,2,2,1,2,1,1
1,1,1,1,1,1,1,1,1,1,1,1,1
1,1,1,1,1,1,1,1,1,1,1,1,1
2,2,2,1,1,1,1,1,1,1,1,1,1
1,1,1,2,1,1,1,3,1,2,2,2,1
3,3,4,4,4,3,2,2,1,3,1,1,1
1,1,1,1,1,1,1,1,2,1,2,3,1
1,2,1,1,1,1,1,1,1,1,1,1,1
2,2,3,3,1,2,2,3,1,3,1,2,2
1,1,1,2,1,1,1,1,1,2,2,2,2
3,2,3,2,4,3,2,3,1,4,2,3,2
1,1,1,1,1,1,1,1,1,1,1,1,1
2,2,1,2,1,1,1,1,1,3,2,2,1
1,1,1,1,1,1,1,1,1,2,2,2,1
1,1,1,1,1,1,1,1,1,1,1,1,1
2,3,1,1,1,1,1,3,1,1,1,1,2
1,2,2,2,2,2,2,2,2,2,3,3,2
1,1,1,1,1,1,1,1,1,1,1,1,1
1,1,1,2,1,1,1,2,1,1,1,1,1
1,1,1,1,1,1,1,1,1,1,1,1,1
1,1,2,2,2,2,1,2,2,4,2,2,1
1,1,1,1,1,1,1,1,1,1,1,2,2
2,2,1,2,1,1,1,1,3,2,2,3,1
2,2,1,2,1,2,1,2,1,2,1,2,1
2,1,1,1,1,1,1,1,1,1,1,1,1
3,3,4,3,2,4,2,2,3,4,3,3,4
1,1,1,1,1,1,1,1,1,2,1,2,1
1,1,1,1,1,2,1,1,1,1,1,1,1
2,2,2,1,1,2,1,2,1,2,1,2,1
2,3,2,1,2,2,2,3,2,2,2,3,2
1,1,1,2,1,1,1,1,1,1,1,1,1
3,3,4,4,4,4,1,1,2,4,3,3,3
1,2,1,1,2,1,1,1,1,1,1,1,1
2,2,2,2,2,2,1,2,2,2,2,3,1
2,1,1,1,1,2,1,2,1,1,1,2,2
4,4,4,4,4,4,3,3,4,4,3,4,2
1,1,1,1,1,1,1,1,1,1,1,1,1
1,2,2,2,3,2,2,2,2,2,1,3,2
2,2,1,2,1,2,1,1,1,1,1,1,1
2,2,1,1,1,2,1,1,1,1,1,1,3
2,2,2,2,1,2,1,2,3,3,1,1,1
1,1,1,1,1,1,1,1,1,1,1,1,1
1,1,1,1,1,1,1,2,2,1,2,1,2
1,1,1,1,1,1,1,1,1,1,1,1,1
1,1,1,1,1,1,1,1,1,1,1,1,1
1,2,1,1,1,2,1,1,2,2,1,2,1
2,2,2,1,1,2,1,2,1,3,2,1,1
1,2,1,2,1,1,1,1,1,1,1,2,1
2,1,1,2,1,1,1,1,2,2,2,2,2
1,1,1,1,1,1,1,1,1,1,1,1,1
2,2,3,2,2,2,1,2,2,2,2,2,2
4,4,4,4,4,3,4,4,4,4,4,4,1
3,3,3,2,2,3,1,3,2,2,2,2,1
1,2,2,2,2,2,1,1,1,2,1,2,1
1,1,3,1,1,2,1,1,1,1,1,1,1
1,1,1,2,1,2,1,1,1,1,1,2,1
1,1,1,1,1,1,1,1,1,1,1,1,1
2,2,1,2,1,2,1,2,1,2,1,2,1
1,1,1,1,1,1,1,1,1,1,1,1,1
1,1,1,1,1,1,1,1,1,2,2,2,1
1,1,1,1,1,1,1,1,1,1,1,2,1
1,1,1,1,1,1,1,1,1,1,1,1,1
1,1,1,1,1,1,1,1,1,1,1,1,1
1,1,1,1,1,1,1,1,1,1,1,1,1
1,1,1,1,1,1,1,1,1,1,1,1,1
2,1,1,1,1,2,1,1,1,2,2,2,2
3,3,4,2,3,4,2,2,4,4,2,3,1
1,2,1,1,1,1,1,3,1,2,2,4,2
2,2,2,2,1,2,1,1,3,3,2,2,1
1,1,1,1,1,1,1,1,1,2,1,2,1
1,3,1,1,1,1,1,1,2,1,1,2,1
2,1,1,2,1,1,1,3,2,1,3,4,1
2,3,2,3,2,2,1,3,2,3,1,3,2
1,1,1,1,1,1,1,1,1,1,1,1,1
1,1,2,1,2,2,1,1,1,2,1,2,1
4,3,2,4,2,2,1,3,4,3,1,2,1
2,1,3,2,3,2,1,2,3,2,1,1,2
1,1,2,2,1,2,1,1,1,1,1,1,1
1,1,1,1,1,1,1,1,1,1,1,2,2
1,1,1,4,1,1,1,4,1,1,1,3,4
1,1,1,1,1,1,1,2,1,2,2,2,1
1,1,2,1,1,1,1,1,1,2,2,3,2
1,1,1,1,1,1,1,1,1,1,1,1,1
2,2,3,2,1,2,2,2,1,2,1,2,2
4,4,4,3,4,4,2,3,2,4,3,3,1
3,2,2,2,3,2,1,3,2,2,2,3,2
2,3,2,3,1,3,2,3,2,4,2,2,1
1,2,1,1,1,1,1,2,2,2,2,2,1
2,2,1,2,1,1,1,1,2,2,2,2,1
1,1,1,1,1,1,1,1,1,1,1,1,1
3,4,4,4,4,3,2,2,3,4,3,4,4
1,1,1,1,1,1,1,1,2,2,1,1,1
2,1,1,1,1,1,1,1,1,1,1,1,1
1,1,1,1,1,1,1,1,1,1,1,1,1
1,1,1,1,1,1,1,1,1,1,1,1,1
2,1,1,1,1,1,1,1,2,3,1,2,2
2,1,1,2,1,1,1,2,2,2,2,2,1
3,3,3,3,1,3,3,1,2,3,3,3,2
2,2,3,2,1,2,2,4,3,2,2,3,1
1,1,1,1,1,1,1,1,1,1,1,2,1
1,1,1,1,1,2,1,1,1,2,2,2,1
3,2,3,2,4,3,1,2,2,3,3,3,3
1,1,1,1,1,1,1,1,1,2,1,2,2
1,2,2,2,2,2,1,2,2,3,2,1,1
1,1,1,1,1,1,1,1,1,1,1,1,1
1,1,1,1,1,1,1,1,1,2,1,2,1
1,1,2,2,1,1,1,1,1,1,1,2,2
2,2,2,2,3,3,2,3,1,2,2,3,2
1,2,2,1,2,2,1,2,2,1,1,2,1
1,1,1,1,1,1,1,1,1,1,1,1,1
2,1,2,2,2,1,1,2,1,1,1,1,1
1,1,1,1,1,1,1,1,1,1,1,1,1
1,1,1,1,1,1,1,1,1,1,1,2,1
1,1,1,1,1,1,1,1,1,1,1,1,1
1,2,1,1,1,1,1,1,1,1,1,1,1
3,2,2,2,2,2,1,3,2,3,2,3,2
1,1,1,1,1,1,1,1,1,1,1,1,1
3,2,2,2,1,2,1,2,1,2,1,2,1
1,1,1,1,1,1,1,1,1,1,1,1,1
4,4,4,4,4,4,4,4,3,4,4,4,4
2,2,1,2,1,1,1,2,2,2,2,4,2
1,1,1,1,1,1,1,1,1,1,1,1,1
1,1,1,1,1,1,1,2,1,1,1,1,1
1,1,1,1,1,1,1,1,1,1,1,2,1
1,1,1,2,1,1,1,2,2,2,2,2,1
2,1,1,2,1,1,1,1,1,4,1,2,1
1,1,1,1,1,1,1,1,1,1,1,1,1
1,2,2,2,1,2,1,3,2,2,2,1,1
1,1,1,1,1,1,1,1,1,1,1,1,1
2,2,2,2,2,2,1,1,1,1,1,1,1
1,1,1,2,1,2,1,2,1,1,2,2,1
1,1,1,1,1,1,1,1,1,1,1,1,1
1,2,2,2,3,2,1,2,2,3,2,2,1
1,1,1,1,1,1,1,1,1,1,1,1,1
1,1,1,1,1,1,1,1,1,1,1,1,1
2,2,2,2,2,3,2,2,2,2,1,3,2
1,1,1,1,1,1,1,1,1,2,1,2,1
1,2,1,1,1,1,1,1,2,2,2,2,2
2,4,3,3,4,4,4,3,2,2,3,3,4
3,4,4,3,4,4,1,3,3,2,2,3,1
2,2,2,2,2,2,1,2,2,3,3,3,1
1,1,1,1,1,1,1,1,1,2,1,1,1
4,4,4,4,4,4,2,4,4,4,3,3,3
2,1,1,1,1,2,1,1,1,2,1,2,1
1,1,1,1,1,1,1,1,1,2,2,2,1
2,1,2,2,2,2,1,2,2,3,2,3,1
1,2,2,1,1,2,1,1,1,2,1,1,1
3,3,4,2,4,4,2,3,3,4,3,3,2
1,1,1,1,1,1,1,1,1,1,1,1,1
1,1,2,2,1,2,1,2,1,1,1,2,1
1,1,1,1,1,1,1,1,1,1,1,1,1
2,3,1,2,1,1,1,1,1,3,2,2,1
2,1,1,2,1,1,1,2,1,1,2,2,1
2,3,3,2,2,3,1,2,2,2,2,2,1
1,1,1,1,1,1,1,1,1,1,1,1,1
2,2,1,2,1,1,1,1,1,2,2,2,1
1,1,1,2,1,2,1,2,2,1,1,1,1
3,1,1,2,3,2,1,3,2,2,1,2,1
1,1,1,1,1,1,2,3,1,2,2,1,2
1,1,1,1,1,1,1,2,1,1,1,1,1
1,1,1,1,1,1,1,1,1,1,1,1,1
2,2,2,2,2,2,1,2,3,2,1,2,2
2,2,3,1,2,3,1,2,4,3,2,3,2
1,1,1,1,1,1,1,1,1,1,1,1,1
2,2,2,2,2,2,1,1,1,3,2,2,1
1,2,1,1,1,1,1,1,1,1,1,2,1
2,2,2,2,1,2,1,2,2,3,2,2,2
1,1,1,1,1,1,1,1,1,1,1,1,1
1,1,1,1,1,1,1,1,1,1,1,1,1
1,1,1,1,1,1,1,1,1,1,1,1,1
2,2,2,1,2,2,1,2,1,1,1,2,1
1,1,1,1,1,1,1,1,1,1,1,1,1
1,1,1,1,1,1,1,1,1,2,1,1,1
3,2,3,2,2,2,1,2,2,4,2,3,1
1,1,1,1,1,1,1,1,1,2,2,2,1
1,1,2,1,1,1,1,1,1,2,2,3,1
1,1,1,1,1,1,1,2,1,2,1,1,1
1,1,1,1,1,1,1,1,1,2,2,2,1
1,1,1,1,1,1,1,2,1,2,2,1,1
1,1,1,1,1,1,1,2,1,1,1,1,1
1,1,1,2,1,1,1,2,1,1,1,1,1
3,2,2,2,2,2,2,2,1,2,1,1,1
1,2,1,1,1,1,1,1,1,1,1,1,1
1,1,2,1,1,2,1,2,1,1,1,1,1
1,1,1,1,1,1,1,1,1,1,1,1,1
1,1,2,1,1,2,1,2,3,4,1,2,1
1,1,2,2,1,2,1,2,2,2,2,3,1
1,1,1,1,1,1,1,1,1,1,1,2,1
2,1,3,2,2,2,1,1,2,2,2,2,1
1,1,1,1,1,1,1,1,1,2,1,1,1
3,4,3,3,3,4,4,4,3,4,3,3,3
1,2,1,1,1,1,1,1,1,1,1,1,1
2,1,1,2,1,1,1,2,1,2,1,2,1
2,2,1,2,1,1,1,2,1,1,2,2,1
1,2,2,1,1,1,1,1,1,2,1,1,1
2,2,2,3,2,2,3,2,1,2,2,2,2
1,1,1,1,1,1,1,1,1,1,1,1,1
2,3,3,2,2,2,1,2,3,2,3,2,1
1,2,2,1,1,2,1,2,1,2,2,2,2
2,1,1,2,1,1,1,2,2,2,2,2,2
1,1,1,1,1,1,1,2,1,2,1,2,1
1,1,1,1,1,1,1,1,1,1,1,1,1
2,2,1,1,2,1,2,1,1,1,1,2,1
2,3,2,2,1,2,1,2,1,4,3,3,1
1,1,2,1,1,1,1,2,1,1,1,2,1
1,1,1,1,1,1,1,1,1,1,1,1,1
2,2,2,1,1,2,1,1,1,3,1,1,1
3,2,3,3,2,2,1,2,3,3,3,3,1
3,3,3,3,2,3,1,3,3,2,2,1,1
1,1,1,1,1,1,1,1,1,1,1,1,1
2,2,2,2,2,3,1,2,2,1,2,2,2
1,1,1,1,1,1,1,2,1,2,1,2,1
1,2,1,2,1,1,1,3,1,4,2,2,2
3,2,2,3,2,2,1,3,2,2,1,2,1
1,1,1,1,1,1,1,1,1,1,1,1,1
1,1,1,1,1,1,1,1,2,1,1,1,1
1,1,1,1,1,1,1,1,1,1,1,1,1
3,1,3,3,4,2,1,3,1,2,1,2,1
1,2,2,2,2,2,1,2,1,2,1,2,1
2,2,1,2,1,2,1,2,2,2,2,2,1
2,3,1,3,1,2,1,2,1,1,1,1,1
1,1,1,1,1,1,1,1,1,2,1,2,1
2,2,2,2,2,2,1,2,2,1,1,2,1
4,2,3,1,3,2,2,2,1,1,1,1,2
1,1,1,1,1,1,1,1,1,1,1,1,1
1,1,1,1,1,1,1,2,1,2,2,1,1
1,1,1,1,1,1,1,1,1,1,1,1,1
1,1,1,1,1,1,1,1,1,1,1,1,1
1,1,1,1,1,1,1,1,1,1,1,1,1
1,3,2,1,3,1,1,2,1,1,1,2,1
1,2,2,2,2,3,1,2,1,2,3,1,1
2,1,2,1,2,2,3,2,2,2,2,2,2
1,1,1,1,1,1,1,1,1,1,1,1,1
1,1,1,1,1,1,1,1,1,1,1,1,1
2,2,1,2,1,2,1,2,1,4,1,2,1
3,4,4,3,4,4,2,3,3,4,2,3,2
2,1,2,1,2,2,1,1,2,1,2,2,1
1,1,1,1,1,1,1,2,1,2,1,2,1
1,1,1,1,1,1,1,3,1,1,1,1,1
2,2,2,2,1,2,1,2,2,2,2,2,1
1,2,1,1,1,1,1,1,2,1,1,1,1
1,1,1,1,1,1,1,1,1,1,1,1,1
1,1,1,1,1,1,1,1,1,2,1,1,1
2,2,2,1,1,2,1,2,2,1,1,2,1
3,3,3,2,2,2,1,2,2,2,2,2,1
2,3,2,3,2,2,1,2,3,3,2,2,1
1,1,1,1,1,1,1,1,1,1,1,1,1
2,2,2,1,1,2,1,2,1,3,2,2,1
1,1,1,1,1,1,1,1,1,1,1,1,1
1,2,2,1,1,2,1,1,1,2,1,1,1
1,2,1,2,1,1,1,2,1,1,1,1,1
1,1,1,1,1,1,1,1,1,1,1,1,1
2,1,2,2,1,2,1,2,1,2,1,2,1
2,3,4,2,3,3,1,3,1,4,1,1,1
2,2,4,4,2,2,1,2,3,2,3,2,1
1,1,1,1,1,1,1,1,1,1,1,1,1
1,1,1,1,1,1,1,2,1,1,1,1,2
3,3,2,2,2,2,1,2,2,1,2,1,1
2,2,3,1,1,2,1,3,2,2,3,3,2
3,3,4,4,4,4,1,1,1,1,1,2,1
2,2,3,2,3,3,2,2,3,3,2,2,1
2,2,4,2,2,3,1,2,2,3,2,2,1
3,2,2,2,1,2,1,1,1,3,1,1,2
1,1,1,1,1,1,1,1,1,1,1,1,1
1,1,1,1,1,1,1,1,1,1,1,1,1
1,1,1,1,1,1,1,1,1,1,1,1,1
2,2,2,2,2,2,1,1,2,1,3,2,2
2,2,1,1,1,1,1,2,1,2,1,2,1
1,2,1,4,2,1,1,1,2,2,1,2,1
1,1,1,1,1,1,1,1,1,1,1,1,1
2,2,1,1,2,1,1,1,2,1,1,1,2
1,1,1,1,1,1,1,1,1,1,1,1,1
1,1,1,1,1,1,1,1,1,2,1,1,1
1,1,1,1,1,1,1,1,1,2,1,1,1
1,1,1,1,1,1,1,1,1,1,1,1,1
1,1,1,1,1,1,1,1,1,1,1,1,1
1,1,1,1,1,1,1,2,1,1,1,1,1
1,2,2,3,2,2,1,2,3,3,2,3,1
1,1,1,1,1,1,1,1,1,2,1,1,1
1,2,1,1,1,1,1,1,2,2,3,2,1
1,2,1,2,3,1,1,2,1,2,2,2,3
2,1,2,1,1,1,1,1,1,2,1,2,1
1,1,1,1,1,1,1,1,1,1,1,1,1
1,1,1,1,1,1,1,1,1,1,1,1,1
1,1,1,1,1,1,1,1,2,1,1,2,2
1,1,1,1,1,1,1,1,1,1,1,2,1
1,1,1,1,1,1,1,1,1,1,1,1,1
2,2,2,2,1,2,1,2,3,2,3,2,2
2,2,2,1,1,1,1,1,1,1,1,1,1
1,1,1,2,1,1,1,2,1,1,1,1,1
2,2,1,2,1,2,1,2,1,2,1,2,1
2,3,4,2,4,3,1,3,1,3,2,2,1
1,1,1,1,1,1,1,1,2,1,2,2,1
1,1,1,1,1,1,1,1,1,1,1,1,1
1,1,1,1,1,1,1,1,1,1,1,1,1
1,1,1,1,1,1,1,1,1,1,1,2,1
4,4,3,4,4,2,4,4,4,3,4,4,1
3,4,3,3,1,2,1,4,3,4,2,2,1
2,2,2,2,2,2,1,1,1,3,3,3,1
3,2,2,3,2,2,2,3,3,2,3,3,4
1,1,1,2,1,2,1,1,1,2,1,2,2
2,4,3,1,2,2,2,3,2,2,2,3,2
1,2,2,1,1,2,1,2,3,2,2,2,1
1,1,1,2,1,2,1,1,1,2,1,2,1
2,2,2,2,2,2,1,1,1,1,2,3,2
2,1,1,2,1,3,1,3,1,4,4,2,2
2,2,3,3,1,2,2,2,3,3,2,2,2
1,1,1,1,1,1,1,1,1,1,1,1,1
1,1,1,1,1,1,1,1,1,1,1,1,1
2,2,1,2,2,2,1,2,2,1,2,2,2
1,1,1,1,1,1,1,1,1,1,1,1,1
1,1,1,1,1,1,1,1,1,1,1,1,1
1,1,1,1,1,1,1,1,1,1,1,1,1
2,1,1,2,2,2,1,2,1,2,2,2,1
2,2,2,3,1,2,1,3,1,2,3,2,2
1,1,1,1,1,1,1,2,1,1,1,2,1
1,1,1,1,1,1,1,1,1,1,1,1,1
2,3,3,2,1,3,1,3,3,3,2,3,3
1,1,1,1,1,1,1,1,2,1,1,1,1
1,1,1,1,1,1,1,1,1,1,1,1,1
1,1,1,1,1,1,1,1,1,1,1,1,1
1,1,1,1,1,1,1,1,1,1,1,1,1
2,2,2,2,2,2,1,2,3,1,3,2,1
2,1,2,4,1,2,1,2,1,2,2,2,3
1,1,1,1,1,1,1,1,1,3,1,2,2
1,1,1,1,1,1,1,1,1,1,1,1,1
3,4,4,2,2,4,2,2,1,4,1,1,1
1,2,1,2,1,1,1,2,1,2,1,1,1
1,1,1,1,1,1,1,1,1,1,1,1,1
3,4,3,2,3,4,1,2,2,4,2,2,1
1,1,1,1,1,1,1,1,1,1,1,1,1
1,1,1,1,1,2,1,1,1,1,1,1,1
1,1,1,1,1,1,1,1,1,2,2,2,1
1,1,1,1,1,1,1,1,1,1,1,1,1
3,2,2,3,2,3,1,2,4,3,3,4,3
2,2,2,2,2,2,1,3,3,2,2,2,2
1,1,1,1,1,1,1,1,1,1,1,1,1
1,1,1,4,1,1,1,1,1,1,1,1,1
1,1,1,1,1,1,1,1,1,1,1,1,1
1,1,1,1,1,1,1,1,1,2,1,1,1
1,1,1,1,1,1,1,1,1,1,1,1,1
1,1,1,1,1,1,1,1,1,1,1,1,1
1,1,1,1,1,1,1,1,1,1,1,1,1
1,1,1,1,1,1,1,1,1,1,1,2,1
2,2,4,2,3,2,2,3,2,2,2,3,2
1,1,1,1,1,1,1,1,1,1,1,1,1
1,2,1,1,1,1,1,1,1,1,2,2,1
1,1,1,1,1,1,1,1,1,1,1,1,1
1,1,1,1,1,1,1,1,1,1,1,1,1
1,2,1,1,1,2,1,1,1,2,1,2,1
1,1,1,1,1,1,1,1,1,1,1,1,2
1,1,1,1,1,1,1,1,1,1,1,2,1
1,1,1,1,1,1,1,1,1,1,1,1,1
1,2,2,2,2,2,1,1,1,1,1,1,1
1,1,1,1,1,1,1,2,1,1,2,2,1
2,2,2,2,2,2,1,1,2,2,2,2,1
1,1,1,1,1,1,1,2,1,1,1,2,1
1,2,1,1,2,2,1,1,1,2,1,1,1
1,1,1,1,1,1,1,1,1,1,1,1,1
1,1,1,1,1,1,1,1,1,1,1,1,1
1,1,1,1,1,1,1,1,1,1,1,1,1
1,1,1,1,1,1,1,1,1,1,1,1,1
2,2,2,2,2,2,1,3,2,2,2,2,1
1,1,1,1,1,1,1,1,1,1,1,1,1
1,1,1,1,1,1,1,1,1,2,1,1,2
2,2,2,4,2,2,1,3,1,1,2,3,2
3,4,3,3,4,4,2,2,3,4,3,3,2
2,1,1,1,1,1,1,2,1,2,2,3,1
2,2,3,2,2,2,1,1,1,1,1,1,1
1,1,1,1,1,1,1,1,1,1,1,1,1
1,2,3,1,2,1,1,2,2,2,2,2,1
1,1,1,1,1,1,1,1,1,1,1,1,1
2,1,1,1,1,1,1,1,1,2,1,2,1
1,1,1,1,1,1,1,1,1,2,1,1,1
1,1,1,1,1,1,1,1,1,1,1,1,1
2,1,1,1,1,1,1,1,1,1,1,1,1
1,1,1,1,1,1,1,1,1,1,1,1,1
1,1,1,1,1,1,1,1,1,1,1,1,1
1,1,1,1,1,1,1,1,1,1,1,1,1
2,3,3,2,2,2,2,3,2,2,2,2,1
2,2,2,2,2,2,2,4,3,1,3,3,1
4,4,3,2,2,2,2,3,2,2,3,2,2
1,1,1,1,1,1,1,1,1,1,1,1,1
1,2,2,2,1,2,1,1,1,2,2,2,1
1,1,1,1,1,1,1,1,1,1,1,1,1
4,4,4,2,1,4,2,3,1,2,3,2,3
1,1,2,1,1,1,1,1,1,1,1,1,1
1,1,1,1,1,1,1,1,1,1,1,1,1
1,1,1,1,1,1,1,2,1,2,2,2,2
2,3,2,2,3,2,2,2,3,1,2,2,2
1,1,1,1,1,1,1,1,1,1,1,1,1
1,1,1,1,1,1,1,1,1,1,1,1,1
1,2,1,2,1,1,1,2,2,2,2,2,1
3,2,3,3,3,4,2,3,3,4,3,4,1
2,3,3,1,2,3,1,2,3,2,1,1,1
2,1,1,1,1,1,1,2,1,1,2,1,1
1,1,1,1,1,1,1,1,1,1,1,2,1
2,1,2,1,2,1,1,2,2,1,2,2,1
1,1,1,1,1,1,1,1,1,1,1,1,1
2,2,3,2,2,2,1,2,3,2,2,2,2
2,2,3,1,1,2,1,1,1,1,1,1,1
1,1,1,1,1,1,1,1,1,1,1,1,1
1,1,1,1,1,1,1,2,1,1,1,2,1
1,2,2,1,1,1,1,2,2,1,2,3,2
1,1,1,2,1,1,1,2,1,1,1,1,1
1,1,1,1,1,1,1,1,1,1,1,1,1
1,1,1,1,1,1,1,1,1,1,2,1,1
2,2,3,3,3,3,2,3,3,3,3,3,2
1,1,1,1,1,1,1,1,1,1,1,1,1
1,1,1,1,1,1,1,2,1,1,1,1,1
3,3,3,3,2,2,1,2,3,2,3,3,1
1,2,3,2,3,2,1,2,2,3,2,2,1
2,2,1,2,1,2,1,2,1,1,2,3,1
1,1,2,2,1,2,1,1,1,1,2,1,1
1,1,1,1,1,1,1,1,2,2,1,1,1
2,2,3,2,3,2,1,3,2,2,1,2,1
3,2,2,2,3,2,1,2,1,3,1,1,1
1,2,1,2,2,2,1,2,2,1,1,2,1
1,1,1,1,1,1,1,2,1,1,1,2,1
1,2,2,1,1,2,1,2,1,2,1,1,2
1,2,2,1,2,2,1,1,1,2,1,1,3
1,1,1,1,1,1,1,2,1,2,1,2,1
1,1,1,1,1,1,1,1,1,1,1,1,1
1,2,1,1,1,1,1,1,1,1,1,1,1
1,1,1,2,1,1,1,2,1,1,2,4,4
1,1,1,1,1,1,1,1,1,1,1,1,1
1,1,1,1,1,1,1,1,1,2,2,1,1
3,3,4,3,4,4,2,3,3,3,3,3,2
1,2,1,1,1,1,1,2,1,1,1,2,1
1,1,1,1,1,1,1,1,1,1,1,1,1
2,2,1,2,2,2,2,2,2,2,2,2,2
1,1,1,1,1,1,1,3,2,1,1,3,1
1,1,2,1,1,1,1,2,2,2,2,1,1
1,1,1,1,1,1,1,1,1,1,1,2,1
1,3,3,3,1,2,1,1,1,2,1,1,1
1,1,1,1,1,1,1,1,1,1,1,1,1
1,1,1,2,1,1,1,2,1,2,1,2,1
2,2,2,2,2,2,1,2,2,2,2,2,2
1,1,1,1,1,1,1,1,1,1,1,1,1
1,2,1,1,1,1,1,2,1,2,2,2,1
2,3,3,2,2,2,2,3,3,2,2,3,2
1,1,1,1,1,1,1,1,1,1,1,1,1
1,1,1,1,1,1,1,1,1,1,1,1,1
1,1,1,1,1,1,1,2,1,2,2,2,1
3,4,3,2,3,3,2,3,1,3,1,1,1
2,4,4,4,4,3,2,1,3,4,3,4,1
2,3,3,2,2,3,1,2,2,2,3,2,1
1,1,1,1,1,1,1,1,1,2,1,1,1
1,1,2,1,1,1,1,1,1,1,1,1,1
2,2,2,2,2,2,2,3,3,2,2,2,1
1,1,2,1,1,1,1,1,1,1,1,2,1
1,1,1,1,1,1,1,1,1,1,1,1,1
1,3,1,3,1,1,1,2,1,1,1,1,1
1,1,1,1,1,1,1,1,1,1,1,1,1
1,1,1,2,1,1,1,2,1,2,1,2,1
3,1,4,2,2,2,1,2,2,3,3,2,1
1,1,1,1,1,1,1,1,1,1,1,1,1
2,2,2,1,1,1,1,1,1,1,1,1,1
1,1,1,1,1,1,1,2,2,2,2,1,1
2,1,1,2,1,2,1,2,1,1,2,2,1
1,1,1,1,1,1,1,1,1,1,1,1,1
1,1,1,1,1,1,1,1,1,2,1,1,1
1,1,1,1,1,1,1,1,1,2,1,1,1
1,1,2,1,1,2,1,2,1,2,1,1,1
1,1,2,2,1,1,1,2,2,1,1,2,1
4,2,4,4,4,4,1,3,2,2,2,3,3
1,2,1,1,3,2,1,1,2,1,1,2,1
1,1,1,1,1,1,1,1,1,1,1,1,1
2,2,3,2,3,2,1,2,2,2,2,2,1
2,1,2,1,3,2,1,2,1,4,2,3,3
2,1,2,4,2,2,1,2,2,1,2,2,1
1,1,1,1,1,1,1,1,1,1,1,1,1
1,1,1,2,1,1,1,1,1,1,2,2,2
1,1,1,1,1,1,1,1,1,1,1,1,1
3,2,3,3,3,2,4,3,3,3,3,2,4
1,1,1,2,1,1,1,1,2,2,2,2,2
2,2,4,2,1,3,1,3,1,4,1,1,1
1,1,1,1,1,1,1,1,1,1,1,1,1
2,4,3,2,2,4,1,2,2,3,2,2,1
1,1,2,1,1,1,1,1,1,2,3,2,1
1,1,1,1,1,1,1,1,1,1,1,2,1
2,2,2,3,2,2,1,2,1,3,3,3,3
2,3,3,2,1,2,1,2,2,2,2,2,1
1,1,1,1,1,1,1,1,1,1,1,1,1
1,2,2,2,1,1,1,2,1,2,1,2,1
1,2,2,2,3,2,2,3,1,2,1,2,1
2,2,2,1,1,2,1,2,2,1,2,1,1
1,1,1,1,1,1,1,1,1,1,1,2,1
1,1,1,2,1,1,1,2,1,1,1,2,2
1,1,1,1,1,1,1,1,1,1,1,1,1
4,1,2,2,3,2,1,2,2,1,2,2,1
1,1,1,1,1,1,1,1,1,2,1,1,1
1,1,1,1,1,1,1,1,1,1,1,1,1
1,1,1,1,1,1,1,1,1,1,1,1,1
1,1,1,1,1,1,1,1,1,1,1,1,2
2,1,1,1,1,1,1,1,1,1,2,2,1
1,1,1,1,1,1,1,1,1,1,1,1,1
2,2,2,1,1,2,1,3,1,3,2,2,2
1,1,1,1,1,1,1,1,1,1,1,1,1
2,2,2,2,2,2,2,2,2,4,2,2,1
1,1,1,1,1,2,1,1,2,2,1,1,1
1,1,1,1,1,1,1,1,1,2,2,1,1
1,1,1,1,1,1,1,1,1,1,1,1,1
1,1,1,1,1,1,1,1,1,1,1,2,1
3,4,4,3,4,4,2,3,2,4,2,2,1
1,1,1,1,1,1,1,1,1,1,1,1,1
1,1,1,2,1,1,1,1,1,1,1,2,1
1,1,1,1,1,1,1,1,1,1,1,1,1
1,2,2,2,1,2,1,1,1,1,1,2,1
3,2,3,2,3,3,1,1,3,1,3,1,1
2,2,1,2,1,2,1,1,2,2,2,2,1
1,1,1,1,1,1,1,1,1,1,1,1,1
2,2,1,1,1,1,1,2,2,3,1,1,1
1,1,1,1,1,1,1,1,2,2,2,3,1
1,1,1,1,1,1,1,1,1,1,1,1,1
1,2,1,2,1,1,1,1,1,2,1,2,1
1,2,2,2,1,2,1,2,2,2,2,2,1
1,1,1,1,1,1,1,1,1,1,1,1,1
1,2,2,1,1,2,1,1,1,1,1,1,1
2,2,3,2,2,2,3,3,2,3,2,3,3
2,1,3,2,1,2,1,2,1,2,2,3,2
1,1,1,1,1,1,1,1,1,2,1,2,1
1,1,1,1,1,1,1,1,1,1,1,1,1
1,1,1,1,1,1,1,1,1,1,1,1,1
4,3,3,1,3,1,3,2,2,3,2,3,1
2,2,2,1,2,2,1,1,1,1,2,2,1
4,3,2,1,3,1,1,3,1,3,2,1,1
1,1,1,1,1,1,1,1,1,1,1,1,2
1,1,1,1,1,1,1,1,1,1,1,1,1
1,1,1,1,1,1,1,1,1,1,1,1,1
1,1,1,1,1,1,1,1,1,2,1,1,1
3,3,4,2,3,2,1,2,2,4,3,4,1
1,2,2,2,1,2,1,1,1,1,2,3,1
1,1,1,1,1,1,1,1,1,1,1,1,1
2,2,1,1,1,1,1,2,2,1,2,3,1
1,1,1,1,1,1,1,1,1,1,1,2,1
1,1,1,1,1,1,1,1,1,2,1,1,2
1,1,2,1,1,2,2,2,2,1,1,2,1
4,4,4,4,4,4,2,3,1,1,2,3,1
1,1,1,1,1,1,1,1,1,3,1,2,1
1,1,1,1,1,1,1,1,1,1,1,1,1
1,1,1,1,1,1,1,1,1,1,1,1,1
1,1,1,1,1,1,1,1,1,2,1,1,1
2,3,3,2,2,2,1,2,2,3,2,3,2
1,1,1,1,1,1,1,1,2,2,1,2,1
2,2,2,2,2,2,1,1,1,1,1,1,2
2,2,2,2,2,2,1,3,3,2,2,1,2
4,4,4,4,4,4,1,4,3,4,3,4,1
1,1,1,2,1,1,1,1,1,1,1,1,2
1,1,1,1,1,1,1,1,1,2,1,2,1
2,3,2,3,1,2,1,2,1,4,2,1,1
1,1,1,1,1,1,1,1,1,1,1,1,2
1,2,3,1,1,1,1,3,1,1,2,1,2
1,1,1,1,1,1,1,1,1,1,2,2,1
2,2,2,2,2,2,1,2,3,1,3,3,1
2,3,1,2,1,1,1,4,1,3,1,3,2
2,2,2,2,2,2,1,1,2,2,2,2,1
3,3,3,4,2,2,1,2,3,2,3,4,3
1,1,1,1,1,1,1,1,1,1,1,1,1
1,1,1,1,1,1,1,1,1,1,1,1,1
1,1,1,1,1,1,1,1,2,2,2,2,1
1,1,1,1,1,1,1,1,1,1,1,1,1
1,1,1,1,1,1,1,3,1,1,1,2,2
2,1,1,2,1,2,1,1,1,2,1,2,1
1,1,1,1,1,1,1,1,1,1,1,1,1
1,1,2,2,1,1,1,1,1,1,1,1,2
1,1,1,1,1,1,1,1,1,1,1,1,1
4,4,4,4,4,4,4,4,4,4,4,4,3
1,2,1,1,1,1,1,1,1,2,1,2,1
1,1,1,1,1,1,1,1,1,1,1,1,1
2,2,2,2,1,2,1,2,1,2,2,2,1
1,1,1,1,1,1,1,1,1,1,1,1,1
1,1,1,1,1,1,1,3,1,1,1,1,1
2,2,1,2,1,1,2,2,1,2,1,2,1
2,2,2,2,1,1,1,1,1,2,2,3,1
1,1,1,1,1,1,1,1,1,1,1,1,1
1,1,1,1,1,1,1,1,1,1,1,1,1
1,1,1,1,1,1,1,2,1,2,1,1,1
1,1,1,1,1,1,1,1,1,1,1,1,1
1,1,1,1,1,1,1,1,1,2,1,1,1
1,1,1,1,1,1,1,1,1,1,1,1,1
1,1,1,1,1,1,1,1,1,1,1,2,1
2,2,1,2,1,1,1,2,1,1,1,1,1
1,2,2,1,1,2,1,2,1,1,3,3,1
1,1,1,1,1,1,1,2,1,1,1,1,1
1,1,1,1,1,1,1,1,1,1,1,1,1
2,2,1,2,1,1,1,1,1,2,2,2,1
1,1,1,1,1,1,1,2,1,1,1,1,1
1,1,1,1,1,1,1,1,1,1,1,1,1
2,4,3,4,3,1,1,1,2,2,4,4,3
2,2,2,2,3,2,1,2,2,2,2,2,1
1,1,1,1,1,1,1,1,1,2,2,1,1
1,1,2,1,1,2,1,2,2,1,2,2,1
2,2,2,2,1,1,1,1,1,1,2,2,1
1,1,1,1,1,1,1,1,1,2,2,2,1
3,3,3,1,1,2,2,2,3,2,1,2,1
1,3,3,1,3,3,3,2,4,3,2,3,4
2,2,2,2,2,2,2,2,3,2,3,2,3
1,1,1,1,1,1,1,1,1,1,1,1,1
3,3,3,3,3,2,1,2,3,3,2,2,1
1,1,1,2,1,1,1,1,2,2,2,2,1
1,1,1,1,1,1,1,1,2,1,1,1,1
1,1,1,1,1,1,1,1,1,2,2,2,1
3,3,4,3,4,2,2,3,3,2,3,4,1
1,1,1,1,1,1,1,1,1,1,1,1,1
1,1,1,1,1,1,1,2,1,2,2,2,1
2,2,2,1,2,2,1,1,2,1,1,1,1
1,1,1,1,1,1,1,1,1,1,1,1,1
1,1,1,1,1,1,1,1,1,1,1,1,1
1,1,1,1,1,1,1,1,1,1,1,1,1
1,1,1,1,1,1,1,3,2,3,2,2,1
1,2,2,2,1,2,1,2,1,2,2,2,2
1,1,1,1,1,1,1,1,1,1,1,1,1
1,2,1,1,2,2,1,2,2,3,2,1,1
2,3,4,2,4,4,2,1,2,3,3,2,3
1,1,1,1,1,1,1,1,1,1,1,1,1
1,1,1,1,1,1,1,1,1,2,2,2,1
1,1,1,1,2,2,1,2,2,2,1,2,1
1,1,1,1,1,1,1,1,1,1,1,2,1
1,1,1,1,1,1,1,1,1,1,1,1,1
1,1,1,1,1,1,1,1,1,1,1,1,1
2,3,2,2,1,2,2,2,2,1,3,1,1
2,3,3,2,2,2,2,2,2,2,2,2,1
1,1,1,1,1,1,1,1,1,1,1,1,1
1,1,1,1,1,1,1,1,1,1,1,1,1
2,2,2,1,1,2,1,3,1,1,2,2,1
2,2,1,2,1,1,1,2,2,2,2,1,1
1,1,1,1,1,1,1,1,2,1,1,1,1
2,1,3,4,2,2,1,2,4,2,3,4,1
3,3,2,2,2,2,1,2,2,1,2,2,1
1,1,1,2,1,1,1,1,2,1,1,1,1
2,1,1,1,1,1,1,1,1,1,1,1,1
1,1,1,1,1,1,1,1,1,1,1,1,2
1,2,3,1,2,2,1,1,1,1,1,2,1
2,1,2,1,1,2,1,1,1,2,3,3,1
3,4,4,3,4,4,1,2,3,4,3,3,1
1,2,1,2,1,1,1,2,1,2,2,2,1
1,1,1,1,1,1,1,2,1,1,1,1,1
2,4,3,1,4,3,2,2,1,1,2,1,1
1,1,1,1,1,1,1,1,1,2,1,2,1
1,1,1,1,1,1,1,2,2,2,1,1,1
1,1,1,1,1,1,1,1,1,1,1,1,1
1,2,1,1,1,1,1,1,1,1,1,1,1
2,3,2,3,2,3,2,2,3,1,4,2,1
1,1,1,1,1,1,1,1,1,1,1,1,2
1,1,1,1,1,1,1,1,1,1,1,1,1
1,1,1,1,1,1,1,2,1,1,1,1,1
1,1,1,1,1,1,1,1,1,1,1,1,1
1,1,1,1,1,1,1,1,1,1,1,2,1
3,4,4,2,4,2,2,2,3,2,1,2,2
2,1,1,1,1,2,1,1,1,2,2,2,2
1,1,1,1,1,1,1,1,1,1,1,2,1
2,1,2,4,3,2,1,1,1,3,4,3,2
2,2,2,2,2,2,1,2,1,2,1,2,1
2,2,2,3,2,1,1,2,1,2,1,2,1
1,1,1,1,1,1,1,1,1,1,1,1,1
1,1,1,1,1,1,1,1,1,1,1,1,1
1,1,1,2,1,1,1,2,1,1,1,2,1
1,1,1,1,1,1,1,2,1,1,1,1,1
1,1,1,1,1,1,1,1,1,1,1,1,1
1,2,2,2,1,2,1,2,1,2,2,2,1
1,2,1,2,1,1,1,2,1,1,1,3,1
1,1,1,1,1,1,1,1,1,2,1,1,1
2,3,2,2,3,2,1,1,1,1,1,1,1
1,1,1,1,1,1,1,1,1,1,2,2,1
1,1,3,1,1,1,1,3,1,1,1,1,1
1,1,2,1,1,1,1,1,1,1,1,1,1
1,1,1,1,1,1,1,1,1,1,1,1,1
2,2,1,4,1,1,1,3,1,3,1,1,1
2,2,2,2,1,2,1,3,1,2,2,2,1
3,3,3,3,2,3,2,2,3,3,3,4,2
1,1,1,1,1,1,1,2,1,2,1,2,1
1,1,1,1,1,1,1,1,1,1,1,1,1
3,2,3,4,4,4,1,3,2,4,3,3,2
2,2,4,2,2,2,1,3,2,3,2,2,2
3,2,3,3,2,4,2,4,2,3,3,4,2
1,1,1,1,1,1,1,1,1,1,1,1,2
1,1,1,1,1,1,1,1,1,1,1,2,1
2,1,1,1,1,1,1,1,1,1,1,3,2
1,1,2,1,2,1,2,2,1,1,1,2,1
1,1,1,1,1,1,1,1,1,1,1,1,1
1,1,1,1,1,1,1,1,1,1,1,1,1
3,3,2,2,3,2,2,2,2,3,3,3,2
1,1,1,1,1,1,1,1,1,1,1,1,1
2,2,2,2,2,2,1,1,1,4,1,1,1
1,1,1,2,2,2,1,2,1,2,2,2,1
2,2,3,2,3,2,1,2,1,1,1,1,1
1,1,1,1,1,1,1,2,1,3,2,2,1
1,1,1,1,1,1,1,1,1,1,1,1,1
1,1,1,1,1,1,1,1,1,1,1,1,1
2,2,2,2,2,2,1,3,3,4,2,3,1
1,1,1,1,1,1,1,1,1,1,1,1,1
1,1,1,1,1,1,1,1,1,3,1,1,1
1,2,4,1,2,2,2,3,2,2,1,2,1
1,1,1,1,1,1,1,1,1,2,1,1,1
1,1,1,1,1,1,1,1,1,1,1,2,1
2,2,2,2,2,2,1,2,2,2,3,3,3
1,1,1,1,1,1,1,2,1,1,1,1,1
2,2,2,2,2,2,1,2,2,1,2,2,1
1,2,2,2,1,1,1,2,1,2,1,2,1
1,2,1,2,1,1,1,2,1,2,2,2,1
2,2,1,1,1,1,1,1,1,1,1,1,1
1,2,2,1,1,2,1,2,2,1,1,1,1
2,1,2,1,1,1,1,2,2,2,2,2,1
1,1,1,1,1,1,1,1,1,1,1,1,1
1,1,1,1,1,1,1,1,1,1,1,2,1
1,1,1,1,1,1,1,1,3,3,1,1,1
2,2,3,1,3,2,1,1,1,2,2,1,1
3,4,3,2,3,1,1,2,2,3,2,3,2
4,3,4,4,4,4,2,3,3,4,2,2,3
1,1,2,1,1,1,2,1,2,2,1,4,1
1,1,1,1,1,1,1,1,1,2,2,2,1
1,1,4,1,1,2,1,1,1,2,1,2,1
1,2,2,2,1,2,1,1,2,3,2,2,1
1,1,1,1,1,1,1,1,1,1,1,1,1
1,3,2,1,1,2,1,1,2,3,2,2,2
1,1,1,1,1,1,1,1,1,2,1,1,1
1,1,1,1,1,1,1,1,1,3,1,1,1
3,2,3,2,2,2,2,1,2,3,1,2,1
2,2,2,1,1,2,1,2,1,1,2,2,1
2,2,2,2,2,2,1,2,2,2,2,2,1
2,3,2,3,4,2,2,2,2,3,4,2,3
1,1,1,1,1,1,1,1,1,2,2,2,1
1,4,1,4,1,1,1,1,1,1,1,1,1
2,1,2,2,3,2,1,1,2,3,2,1,2
1,1,2,2,2,1,1,2,1,2,3,2,1
1,1,1,1,1,1,1,1,1,1,1,1,1
1,1,1,1,1,1,1,1,1,1,1,1,1
2,2,2,1,2,2,1,1,1,3,1,2,1
2,2,2,1,2,2,1,3,1,3,2,3,2
2,3,2,2,3,2,1,3,3,2,2,2,1
3,2,3,4,2,2,1,1,3,2,4,3,3
2,2,2,2,2,2,1,3,2,2,3,2,1
3,2,2,2,1,2,1,3,2,2,3,3,1
1,1,1,1,1,1,1,1,1,1,2,2,1
1,1,1,1,1,1,1,1,1,1,1,1,1
1,1,1,2,1,1,1,1,1,1,1,1,1
1,1,1,1,1,1,1,1,1,1,1,1,1
1,1,1,1,1,1,1,1,2,1,2,1,1
2,2,1,2,1,2,1,1,2,1,2,2,1
1,2,1,2,1,2,1,2,2,1,1,2,2
1,1,1,1,1,1,1,1,1,2,2,2,1
2,2,2,3,3,3,2,2,2,2,2,3,3
2,2,2,2,3,2,1,2,2,3,2,2,1
1,2,2,1,1,1,1,1,1,2,2,2,1
1,1,1,1,1,1,1,1,1,3,2,2,1
1,1,1,1,1,1,1,1,1,1,1,1,1
1,2,2,2,1,2,1,1,1,3,2,2,1
2,2,1,2,1,1,1,2,1,2,2,2,1
1,1,1,1,1,1,1,1,1,1,1,1,1
2,3,1,4,3,1,3,2,1,4,3,2,4
1,1,1,1,1,1,1,1,1,2,1,2,1
4,3,1,3,2,2,1,1,3,3,3,1,3
2,2,2,2,1,2,1,2,2,3,2,2,2
1,1,1,1,1,1,1,1,1,2,2,2,1
1,1,1,1,1,1,1,1,1,1,1,1,1
2,2,2,2,1,1,1,2,1,2,2,2,1
1,1,2,1,1,1,1,1,2,2,2,2,2
1,1,1,2,2,2,1,2,1,2,2,2,1
1,2,2,1,1,2,1,2,2,2,1,1,1
1,1,1,1,1,1,1,1,1,1,1,1,1
4,4,4,4,4,3,1,3,4,4,3,4,3
1,1,2,1,1,2,1,1,2,2,2,2,1
2,2,3,3,2,2,1,3,2,2,2,4,1
1,1,1,1,1,1,1,1,1,1,1,1,1
2,2,1,2,2,2,1,2,3,2,3,3,2
2,3,3,2,3,4,1,3,1,4,1,2,1
1,1,1,1,1,1,1,1,1,1,1,3,4
1,1,1,1,1,1,1,1,1,1,1,1,1
1,2,1,2,1,1,1,2,1,2,2,2,2
1,1,1,1,1,1,1,1,1,1,1,1,1
1,2,3,1,2,2,1,1,1,4,1,1,1
1,1,2,2,1,1,1,2,2,2,2,1,1
1,1,3,2,1,2,1,2,1,2,2,2,1
1,1,1,1,1,1,1,1,1,1,1,1,1
2,2,1,2,1,1,1,1,1,1,2,2,2
1,1,1,4,1,2,1,2,3,1,1,1,1
2,2,2,2,2,2,1,2,2,3,3,4,3
1,1,1,1,2,1,1,1,1,1,1,1,1
2,2,2,1,1,2,2,1,1,2,2,2,1
2,2,3,2,2,4,1,3,3,4,3,3,1
4,4,3,4,4,4,2,3,3,4,3,3,3
1,1,1,1,1,1,1,1,1,1,1,1,1
3,4,3,3,1,4,2,1,1,3,1,3,1
2,2,2,2,2,2,1,2,2,3,2,2,2
2,2,2,1,1,2,1,2,1,1,1,2,1
1,1,1,1,1,1,1,1,1,1,1,1,1
1,2,1,1,1,1,1,2,1,1,1,2,1
2,2,2,1,1,2,1,1,2,2,2,2,1
1,1,1,1,1,1,1,1,1,1,1,2,1
1,1,3,1,1,2,1,2,1,1,1,2,1
1,1,1,1,1,1,1,1,1,1,1,1,1
2,2,1,2,1,1,1,2,2,1,2,2,1
1,1,1,1,1,1,1,4,1,1,1,1,1
1,2,1,1,1,1,1,1,1,1,2,1,1
1,1,1,1,1,2,1,2,1,1,1,2,1
2,2,2,2,3,2,1,3,2,1,3,3,1
1,1,1,1,1,1,1,1,1,2,1,2,1
1,1,1,1,1,1,1,1,1,1,1,3,2
1,1,1,1,1,1,1,1,1,1,1,1,1
1,1,1,1,1,2,1,1,1,2,2,2,1
1,1,1,1,1,1,1,1,1,1,1,1,1
2,1,1,1,1,1,1,1,1,1,1,1,1
1,1,1,1,1,1,1,1,1,1,2,2,1
2,2,2,2,2,2,1,2,3,2,3,2,1
1,1,1,1,1,1,1,1,1,2,1,2,1
2,3,2,1,3,2,1,2,1,1,1,1,1
2,1,1,1,1,1,1,1,1,2,1,2,1
1,1,1,2,1,1,1,1,1,1,1,1,1
1,1,1,1,1,2,1,1,1,1,1,1,1
1,1,1,1,1,1,1,1,1,1,1,2,1
1,1,1,1,1,1,1,1,1,1,1,1,1
1,1,1,1,1,1,1,1,1,1,1,1,1
1,2,1,2,1,1,1,1,1,2,1,2,1
2,3,4,2,3,3,1,2,2,2,2,2,1
1,1,1,1,1,1,1,1,1,2,1,1,1
2,1,1,1,1,1,1,1,1,1,1,1,2
2,1,2,2,1,2,1,1,2,1,1,2,1
1,1,1,1,1,1,1,1,1,1,1,1,1
2,2,2,2,1,2,1,2,1,2,3,3,2
1,2,2,2,2,2,1,2,1,2,1,1,1
1,2,3,1,1,2,1,1,1,1,1,2,2
1,1,1,1,1,1,1,1,1,1,1,2,1
1,1,2,1,1,1,1,2,1,3,1,2,1
1,1,1,1,1,1,1,1,1,1,1,1,1
2,2,1,1,1,1,1,1,1,1,1,1,2
1,1,3,1,1,1,1,1,1,1,1,2,1
1,1,1,1,1,1,1,1,1,1,1,1,1
1,1,1,1,2,2,1,2,2,1,2,2,1
1,1,1,2,1,1,1,1,1,1,3,4,2
1,1,1,1,1,1,1,1,1,1,1,1,1
1,1,1,1,1,1,1,1,1,1,1,1,1
2,2,3,2,2,2,2,2,2,2,2,2,2
1,1,1,1,1,1,1,1,1,1,1,1,1
1,1,2,1,3,2,1,3,1,1,1,2,1
1,1,1,1,1,1,1,1,1,1,1,2,2
1,1,1,2,1,2,1,1,2,1,2,2,2
2,2,1,1,1,1,1,2,1,1,1,1,1
1,1,1,1,1,1,1,1,1,2,1,1,1
2,1,2,2,2,2,1,2,2,2,2,2,2
1,1,1,2,2,2,1,2,2,2,2,2,1
1,1,1,1,1,1,1,2,1,1,1,2,1
1,1,1,2,1,1,1,1,3,2,1,1,1
1,1,1,1,1,1,1,1,1,1,1,1,1
1,1,1,1,1,1,1,1,1,1,1,1,1
1,1,1,1,1,1,1,1,1,1,1,1,1
1,1,1,1,1,1,1,1,1,2,1,1,1
2,3,1,4,1,1,1,2,1,2,3,4,1
1,3,2,2,1,2,1,3,1,1,3,2,3
1,1,1,1,1,1,1,1,1,1,1,1,1
1,1,1,1,1,1,1,1,1,1,1,1,1
3,1,3,2,3,3,2,1,1,3,3,3,1
1,2,2,2,2,2,1,2,2,2,2,2,2
2,2,1,3,1,2,1,2,2,1,2,1,1
2,2,2,2,2,2,1,1,2,3,1,1,1
1,1,2,2,2,2,1,2,1,1,1,2,1
3,2,3,4,3,3,2,3,3,3,3,4,2
1,1,3,1,1,1,1,2,1,2,2,2,2
1,2,1,1,1,1,1,1,1,1,1,2,1
1,1,1,1,1,1,1,1,1,1,1,1,1
3,3,3,4,2,3,2,2,3,3,3,1,1
1,1,1,1,1,1,1,1,1,1,1,1,1
1,2,1,2,1,1,1,2,1,2,2,1,2
2,2,2,1,1,2,1,1,1,2,1,1,1
1,1,1,1,1,1,1,1,1,1,1,2,1
1,1,1,2,1,1,1,1,1,1,2,2,1
1,1,1,1,1,1,1,1,1,1,1,2,1
1,1,1,1,1,1,1,1,1,2,1,2,1
1,2,1,1,1,1,1,1,2,2,1,1,1
1,1,1,1,1,1,1,2,1,2,1,1,1
1,2,3,1,3,2,1,2,1,2,1,1,1
1,2,3,1,1,2,1,1,2,2,1,1,1
1,1,1,1,1,1,1,1,1,1,1,1,1
1,2,1,1,1,1,1,1,2,1,1,1,1
2,2,2,2,2,2,1,2,2,2,2,2,2
2,2,2,2,2,2,1,2,3,2,2,1,1
2,2,1,2,1,1,1,1,1,3,2,3,2
1,1,1,1,1,1,1,1,1,4,2,2,1
1,1,1,1,1,1,1,1,1,1,1,1,1
1,1,1,1,1,1,1,1,1,1,1,1,1
1,1,1,1,1,1,1,1,1,1,1,1,2
1,1,1,1,1,1,1,2,1,2,1,2,2
1,2,2,2,2,2,1,2,3,3,2,1,2
3,3,3,2,3,2,2,3,2,3,3,3,3
1,1,1,1,1,1,1,1,1,1,1,1,1
2,3,3,2,3,3,1,3,4,4,3,1,1
1,1,1,1,1,1,1,1,1,1,1,1,1
1,1,1,1,1,1,1,1,1,1,1,1,1
2,2,2,2,2,2,1,3,3,3,3,3,1
1,1,1,1,1,1,1,1,1,1,1,1,1
1,1,1,1,1,1,1,1,1,1,1,1,1
3,2,2,2,3,2,1,3,3,2,3,2,2
1,1,1,1,1,1,1,2,1,2,2,2,1
2,3,3,1,3,3,1,2,2,1,2,2,1
1,2,2,3,3,2,1,2,2,2,2,2,2
1,1,1,1,1,1,1,1,1,1,1,1,1
2,1,1,2,2,1,2,1,1,2,1,1,1
2,3,3,2,3,3,2,3,3,4,2,2,1
1,1,1,1,1,1,1,1,1,1,1,1,1
1,2,1,2,1,1,1,2,1,2,1,3,1
1,1,1,1,1,1,1,1,1,1,1,1,1
1,1,1,2,2,1,1,2,1,2,1,2,1
1,1,1,1,1,1,1,1,1,1,1,1,1
1,2,2,1,2,3,1,2,1,3,2,2,1
1,1,1,1,1,1,1,1,1,1,1,3,1
1,1,1,1,1,1,1,1,1,1,1,1,1
1,1,1,1,1,1,1,1,1,1,1,1,1
1,1,1,1,1,1,1,1,1,1,1,1,1
1,1,1,1,1,1,1,1,1,1,1,1,1
1,1,1,1,1,1,1,1,1,1,1,1,1
1,1,1,2,2,3,2,3,2,2,3,2,2
1,2,1,1,1,1,1,1,1,4,1,1,1
3,3,4,3,3,1,3,4,3,4,3,4,4
2,2,2,2,2,2,2,2,2,3,2,2,2
2,3,1,1,1,1,1,2,1,1,1,1,1
1,1,1,1,1,1,1,1,1,1,1,1,1
1,1,1,1,1,1,1,2,1,3,1,2,2
1,1,1,1,1,1,1,1,1,1,1,2,1
1,1,1,1,1,1,1,1,1,1,1,1,1
1,1,1,1,1,1,1,1,1,1,1,1,1
1,2,4,1,2,4,1,1,2,4,2,2,1
1,1,1,1,1,1,1,1,1,2,1,1,1
3,4,4,4,4,4,4,4,4,4,4,4,1
2,3,2,2,1,2,1,2,1,1,1,1,1
1,2,2,2,1,2,1,3,2,4,2,3,2
1,3,3,3,3,3,1,2,3,4,2,3,2
3,3,3,2,3,2,1,2,3,3,3,3,2
2,2,3,1,2,2,1,1,1,2,1,2,1
2,1,1,1,1,1,1,1,1,1,1,1,1
2,2,3,2,1,2,1,2,2,3,2,3,1
2,1,1,1,1,1,1,1,2,2,2,1,1
1,1,1,1,1,1,1,1,1,1,1,1,1
1,1,1,1,1,1,1,1,1,1,1,1,1
2,3,3,2,2,2,1,2,2,2,3,3,1
1,1,1,1,1,1,1,1,1,1,2,2,1
1,1,1,1,1,1,1,1,1,1,2,1,1
1,1,1,1,1,1,1,1,1,1,2,2,1
1,2,2,2,1,2,1,1,1,2,2,2,1
4,1,2,1,1,1,1,2,2,2,1,1,1
3,3,1,1,4,1,2,1,2,4,3,2,3
1,1,1,1,1,1,1,1,1,1,1,2,1
1,1,1,1,1,1,1,1,1,1,1,1,1
1,1,1,1,1,1,1,1,1,2,1,1,2
2,3,3,2,2,2,1,3,2,2,2,3,2
2,2,4,2,4,3,1,3,1,2,3,3,1
1,1,1,1,1,1,1,1,1,1,1,1,1
1,1,1,1,1,1,1,1,1,1,1,1,1
1,2,2,2,2,2,1,3,2,3,3,2,1
2,2,2,2,2,2,1,2,2,1,1,1,2
1,2,1,1,1,2,1,1,1,1,2,2,2
1,1,1,1,1,1,1,2,1,2,2,2,1
1,1,1,1,1,1,1,1,1,1,1,1,1
2,4,3,1,1,2,2,1,1,1,1,1,1
4,4,4,4,4,4,4,3,3,4,3,3,1
1,1,1,1,1,1,1,1,1,1,1,1,1
2,2,2,2,1,2,1,1,1,2,2,2,2
2,2,2,1,2,2,1,1,1,1,2,2,1
4,4,4,4,4,4,2,3,3,4,3,3,4
3,4,4,4,1,2,1,3,2,3,1,2,1
2,3,2,2,2,3,3,2,3,3,4,2,3
1,2,2,1,1,2,1,1,2,2,2,2,1
1,1,1,1,1,1,1,1,1,1,1,1,1
1,1,1,1,1,1,1,1,1,1,1,1,1
2,2,2,2,1,2,1,2,1,1,1,1,1
4,4,2,4,2,2,2,4,3,3,3,3,2
3,4,4,2,3,4,2,3,2,3,2,2,2
3,2,3,2,3,3,1,2,3,3,3,3,3
1,1,1,1,1,1,1,1,1,1,1,1,1
1,2,2,2,1,2,1,2,2,2,2,2,1
1,1,1,1,1,1,1,1,1,1,1,1,1
1,1,1,1,1,1,1,1,1,1,1,1,1
2,1,1,1,1,2,1,1,1,1,1,2,1
3,3,3,2,1,2,1,2,2,2,3,2,1
2,2,2,2,1,2,1,2,3,1,3,3,2
3,2,3,2,2,3,1,2,3,2,3,3,1
1,1,1,1,1,1,1,1,1,1,2,2,1
2,2,3,2,2,2,1,2,2,2,2,3,1
1,1,3,3,1,2,1,2,1,1,1,1,1
2,2,2,2,3,2,2,2,2,2,3,2,1
1,1,1,1,1,1,1,1,1,1,1,1,1
2,3,2,2,3,2,1,2,4,2,3,2,1
1,1,1,1,1,1,1,2,1,1,1,1,1
1,4,4,1,1,1,1,1,3,4,1,1,1
1,1,1,1,1,1,1,1,1,1,1,1,1
3,4,4,2,2,4,2,3,2,3,3,2,3
1,1,1,1,1,1,1,1,1,1,1,1,1
1,2,1,1,1,1,1,1,2,1,2,2,1
2,1,2,1,1,2,1,1,2,2,1,2,2
1,1,1,1,1,1,1,2,1,1,1,1,1
3,2,3,3,4,2,1,3,3,1,2,3,2
2,3,3,2,3,2,1,4,1,1,2,4,1
1,1,1,1,1,1,1,1,1,1,2,4,1
1,1,1,1,1,1,1,1,1,1,1,2,1
1,1,1,1,1,1,1,1,2,1,1,2,1
1,1,1,1,1,1,1,1,1,2,1,1,1
1,1,1,1,1,1,1,1,1,1,1,2,1
2,2,2,2,1,2,2,2,1,1,2,2,1
1,1,1,1,1,1,1,1,1,1,2,1,1
2,2,2,2,1,2,1,2,1,2,2,2,2
1,1,1,1,1,1,1,1,1,1,1,1,1
2,1,1,1,1,1,1,1,1,2,1,1,1
2,2,2,2,2,2,1,2,2,2,1,1,1
1,2,1,1,1,1,1,1,1,2,1,1,1
3,2,3,3,2,3,2,2,3,2,2,3,3
1,1,1,1,1,1,1,1,1,1,1,1,1
2,2,2,2,3,2,1,2,1,1,1,2,2
1,1,1,2,1,1,1,2,1,1,1,2,2
1,1,1,1,1,1,1,1,1,1,1,1,1
1,1,1,2,1,1,1,1,1,2,1,2,1
1,1,1,1,1,1,1,1,1,1,1,1,1
1,1,1,1,1,1,1,1,1,1,1,1,1
1,1,1,1,1,1,1,1,1,1,1,1,1
1,1,1,2,1,1,1,1,1,1,1,1,1
2,2,1,2,1,1,1,1,1,2,2,2,1
2,4,4,2,2,3,4,2,2,1,1,2,1
1,2,2,2,4,2,1,1,1,3,1,2,1
1,1,1,1,1,1,1,2,1,1,1,2,1
2,3,4,3,4,3,3,4,4,3,3,4,3
1,1,1,1,1,1,1,1,1,1,1,1,1
1,1,1,1,1,1,1,1,1,2,2,2,1
1,1,1,1,1,1,1,1,1,1,1,1,1
4,3,3,3,4,3,4,3,4,3,4,2,3
3,2,3,3,2,3,2,3,4,3,4,2,3
3,4,3,4,3,4,3,4,3,4,3,3,4
2,1,1,1,1,1,1,2,1,2,1,1,1
1,1,1,1,1,1,1,1,1,1,2,2,1
3,3,3,1,3,2,1,1,3,2,2,3,1
3,3,2,4,2,1,1,4,1,1,1,1,1
4,4,4,4,4,3,2,3,3,2,3,2,4
1,1,1,1,1,1,1,1,1,1,1,1,1
3,2,3,3,2,2,1,2,1,3,1,2,1
1,1,1,1,1,1,1,1,1,1,1,1,1
2,1,1,1,1,2,1,1,1,1,1,1,3
2,3,2,3,1,2,1,2,1,1,1,2,1
2,1,1,1,1,1,1,2,1,2,2,2,1
2,2,1,2,1,1,1,2,1,2,1,2,1
3,4,4,2,4,2,2,2,2,2,3,3,1
2,2,3,2,2,2,2,1,3,1,2,2,1
2,2,2,2,1,2,1,1,1,2,2,2,1
1,1,1,1,1,1,1,1,1,1,1,1,1
1,1,1,1,1,1,1,1,1,1,1,1,1
1,2,1,1,1,1,1,2,1,1,1,1,2
4,3,4,2,4,4,2,1,3,4,3,3,1
1,2,1,1,1,1,1,1,1,1,1,1,1
2,2,2,1,1,2,1,1,2,1,2,1,1
1,1,1,1,1,1,1,1,1,1,1,1,1
1,1,1,1,1,1,1,2,1,1,3,1,1
1,1,1,1,1,1,1,1,1,1,1,1,1
1,1,1,1,1,1,1,1,1,2,2,2,1
2,2,2,2,1,2,1,1,2,2,2,3,1
1,1,1,1,1,1,1,1,1,1,1,1,1
2,3,2,3,2,4,2,3,2,3,1,2,1
2,2,2,4,4,2,1,2,1,3,2,2,3
3,3,3,3,3,2,1,2,2,2,2,2,2
3,2,3,2,3,2,3,2,3,2,2,2,1
2,2,1,1,1,2,1,2,1,4,2,2,1
1,1,1,1,1,1,1,1,1,1,1,1,1
2,2,2,1,1,2,1,1,2,1,1,1,3
1,1,1,1,1,1,1,1,1,1,1,1,1
1,1,1,1,1,1,1,1,1,2,1,1,1
1,2,1,2,1,1,1,2,1,1,1,1,1
1,1,1,1,1,1,1,1,1,1,1,1,1
1,1,1,1,1,1,1,1,1,1,1,1,1
1,1,1,1,1,1,1,1,1,1,1,1,1
1,1,1,1,1,1,1,1,1,1,1,1,1
1,1,1,1,1,1,1,1,1,1,1,1,1
1,1,1,1,1,1,1,1,1,1,1,1,1
1,1,1,1,1,1,1,1,1,1,1,1,1
2,4,4,4,4,3,1,1,2,1,1,3,1
1,1,1,1,1,1,1,1,1,1,1,1,1
1,1,1,1,1,1,1,1,1,4,1,1,1
1,1,1,1,1,1,1,1,1,2,1,1,1
2,3,4,4,3,2,1,1,2,3,3,3,1
2,3,4,4,3,2,1,2,3,4,3,4,1
1,2,1,1,1,1,1,1,1,2,1,1,1
1,1,1,2,2,2,1,1,2,2,1,1,1
1,2,2,2,2,2,1,2,1,1,2,2,1
1,1,1,1,1,1,1,1,1,1,1,1,1
1,1,1,1,1,1,1,1,1,1,1,1,1
1,1,2,2,1,2,1,1,1,1,1,1,1
1,1,1,1,1,1,1,2,2,1,2,3,1
1,1,1,1,1,1,1,1,1,1,1,1,1
2,1,1,1,3,1,1,1,1,1,1,2,1
1,1,1,1,1,1,1,1,1,1,1,1,1
1,1,1,1,1,1,1,1,1,1,1,1,1
1,2,2,2,2,2,1,2,1,3,2,2,3
1,1,1,1,1,1,1,1,1,1,1,1,1
1,1,1,1,1,1,1,1,1,1,1,1,1
1,1,1,1,1,1,1,2,1,1,1,2,1
1,1,1,1,1,1,1,1,2,1,1,2,4
2,2,2,2,2,2,2,2,1,2,2,3,3
1,1,1,1,1,1,1,1,1,2,1,2,1
2,2,2,2,1,2,1,2,1,1,3,3,1
1,1,1,1,1,1,1,2,1,1,1,1,1
1,2,2,2,2,2,1,2,1,1,1,1,1
1,1,1,1,1,1,1,1,1,1,1,1,1
1,1,2,2,2,2,1,2,2,3,2,3,2
2,2,1,2,2,2,1,2,2,1,2,2,2
3,4,4,2,4,4,2,2,3,3,3,3,1
2,1,1,2,2,2,1,2,2,2,2,2,1
2,2,2,2,2,2,1,1,3,1,1,1,1
2,3,2,2,1,2,2,2,1,4,1,1,1
1,1,1,1,1,1,1,1,1,2,2,2,1
3,2,3,2,3,2,1,3,3,2,2,4,2
2,2,3,3,2,3,2,2,3,3,3,3,2
2,3,2,2,1,1,2,2,1,1,3,2,1
3,3,3,2,2,2,2,2,1,1,1,1,1
1,2,2,2,1,2,1,3,1,1,3,2,1
2,4,2,2,1,2,1,2,3,2,1,2,2
2,4,3,4,3,3,1,3,4,4,3,4,1
1,1,1,1,1,1,1,1,1,1,1,1,1
1,1,1,1,1,1,1,1,1,1,2,2,1
1,2,3,2,1,2,1,2,3,2,3,2,1
1,1,1,2,1,1,1,2,1,1,1,1,1
1,2,1,1,1,1,1,1,1,1,1,2,1
1,1,1,1,1,1,1,1,1,1,1,1,1
1,1,1,1,1,1,1,1,1,1,1,2,2
2,4,4,4,4,4,2,2,1,4,1,2,1
1,1,1,1,1,1,1,1,1,1,1,1,1
3,3,3,4,2,4,2,3,3,3,3,3,3
1,1,1,1,1,1,1,2,2,1,2,2,1
2,4,2,1,2,1,2,1,1,1,1,1,1
1,2,1,2,1,1,1,2,2,2,1,2,1
1,1,2,1,1,2,1,1,1,1,2,2,1
1,1,1,1,1,1,1,1,1,2,1,1,1
1,2,2,1,1,2,1,2,1,2,1,1,1
2,3,2,2,2,2,2,2,2,2,2,2,2
1,1,1,1,1,1,1,1,1,1,1,1,1
1,1,1,1,1,1,1,1,1,1,1,1,1
4,3,2,2,4,3,1,4,2,4,4,2,1
1,2,2,1,1,1,1,2,2,1,2,2,4
1,1,1,1,1,1,1,1,1,1,1,2,1
1,1,1,1,1,1,1,1,1,1,1,1,1
3,1,2,2,3,2,2,2,2,2,2,2,1
1,1,1,1,1,1,1,1,2,4,2,2,1
2,1,1,2,1,1,1,1,1,2,1,1,2
1,1,1,1,1,1,1,1,1,1,1,1,1
1,1,1,1,1,1,1,1,1,1,1,1,1
1,1,1,1,1,1,1,1,1,2,1,1,1
2,2,2,1,1,2,1,1,1,1,1,2,1
1,1,1,1,1,1,1,1,1,1,1,1,1
1,2,3,1,1,1,1,1,1,1,1,1,1
1,1,1,1,1,1,1,1,1,1,1,1,1
1,1,3,3,2,3,1,2,3,2,3,4,1
1,1,1,1,1,1,1,1,1,1,1,1,1
3,4,4,2,2,2,2,2,4,4,3,4,3
1,1,1,1,1,1,1,1,1,1,1,1,1
1,1,1,1,1,1,1,1,1,1,1,1,2
1,1,1,2,1,1,1,3,1,2,1,1,1
2,1,1,2,2,1,1,2,2,2,2,2,1
1,1,1,1,1,1,1,1,1,1,1,1,1
4,4,4,4,4,2,1,3,3,2,2,4,1
1,1,1,1,1,1,1,1,2,2,2,2,1
2,2,1,2,1,2,1,2,3,1,2,2,1
2,2,3,2,1,2,1,2,2,2,1,2,1
1,1,1,1,1,1,1,1,1,1,1,1,1
1,1,1,2,1,1,1,2,2,1,2,2,1
1,2,2,2,2,2,1,2,2,4,3,3,2
1,1,1,1,1,1,1,1,1,1,1,1,1
1,3,2,2,2,1,1,3,1,2,1,1,1
2,2,2,2,1,2,1,2,2,2,3,2,2
1,2,1,1,1,1,1,2,1,1,1,2,1
2,3,4,4,1,4,1,1,1,4,1,1,1
2,1,1,1,1,1,1,1,3,1,2,2,1
1,1,1,1,1,1,1,1,1,1,1,1,1
1,2,1,1,1,2,1,1,1,2,1,1,1
1,2,2,1,1,2,1,1,1,1,1,1,1
3,2,3,3,3,2,2,2,3,3,3,3,2
1,1,1,2,1,1,1,2,2,2,2,2,1
1,1,1,1,1,1,1,1,1,2,1,2,1
1,1,1,1,1,1,1,1,1,1,1,1,1
1,1,1,1,1,4,1,1,1,1,1,1,1
1,1,2,2,1,1,1,2,1,1,1,1,1
3,2,2,3,1,2,2,2,1,2,1,2,1
2,3,3,2,2,3,1,2,2,2,2,2,1
1,2,1,2,1,2,1,2,1,1,2,1,2
1,1,1,1,1,1,1,1,1,1,1,1,1
1,1,1,1,1,1,1,1,1,1,1,1,1
1,1,1,1,1,1,1,1,1,1,1,2,2
1,2,1,1,1,1,1,2,2,2,2,2,1
1,1,1,1,1,1,1,1,1,1,1,1,1
1,1,1,1,1,1,1,1,1,1,1,1,1
2,2,1,1,1,2,1,1,1,1,1,1,1
1,2,1,1,1,2,1,1,1,1,1,2,1
1,1,1,1,1,1,1,1,1,1,1,2,1
1,1,1,1,3,1,1,1,1,2,2,1,1
2,2,2,2,1,2,1,2,1,1,1,3,2
3,3,3,3,3,4,2,2,2,2,2,3,1
2,2,1,1,1,2,3,3,1,2,1,1,1
1,1,1,1,1,1,1,1,1,1,1,1,1
1,2,1,1,1,1,1,2,1,2,2,2,1
2,2,2,2,2,2,1,2,3,1,3,2,1
1,1,1,1,1,1,1,1,1,1,1,1,1
1,1,1,1,1,1,1,1,1,3,1,1,1
1,1,1,1,1,1,1,1,1,2,1,2,1
3,4,3,2,4,3,4,3,2,3,3,3,3
1,1,1,1,1,1,1,1,1,1,1,1,1
2,1,1,2,2,2,1,1,2,2,2,2,1
1,1,1,1,1,1,1,1,1,2,1,1,1
1,1,1,1,1,2,1,2,1,1,1,1,1
1,1,1,2,1,1,1,1,1,2,1,1,1
1,1,1,1,1,1,1,1,1,2,1,1,2
1,1,1,1,1,1,1,1,1,2,1,2,1
1,1,1,2,1,1,1,2,1,1,2,2,1
2,1,1,1,1,1,1,1,2,1,2,2,1
1,2,2,2,1,2,1,2,2,2,2,2,1
1,1,1,1,1,1,1,1,1,1,1,1,1
1,1,1,1,1,1,1,1,1,1,1,1,1
2,1,1,2,1,1,1,2,1,1,2,2,1
1,3,2,4,1,2,1,2,2,2,2,4,2
2,3,3,2,2,2,2,2,3,3,2,3,2
1,1,1,1,1,1,1,1,1,1,1,1,1
1,1,1,1,1,1,1,2,1,2,1,2,1
1,1,1,1,1,1,1,1,1,1,1,1,1
1,1,1,1,1,1,1,2,1,1,3,2,3
2,3,4,3,4,4,2,3,2,1,3,3,1
1,1,1,1,1,1,1,1,1,2,1,2,1
1,1,1,1,1,1,1,1,2,1,1,1,2
1,1,2,1,1,2,1,2,1,2,1,1,1
2,2,2,2,2,2,1,2,1,2,1,2,1
2,1,2,2,1,2,1,2,2,1,2,2,1
2,2,2,2,2,2,1,2,2,2,2,2,1
1,1,1,1,1,1,1,2,1,1,1,1,1
2,1,1,2,2,2,1,2,2,2,2,2,2
1,2,1,2,1,1,1,1,2,1,2,2,4
1,1,1,1,1,1,1,1,1,1,1,1,1
1,1,1,1,1,1,1,1,1,1,1,1,1
3,3,4,2,2,3,2,1,3,2,3,2,1
2,2,1,2,1,2,1,2,1,1,2,3,2
2,2,2,3,4,2,2,3,2,4,3,3,1
4,4,4,4,4,4,4,4,4,4,4,4,1
3,4,4,4,4,4,2,3,3,4,3,3,2
2,2,2,2,2,2,1,1,3,1,2,2,2
1,2,2,2,1,2,1,1,1,1,1,1,1
2,2,2,2,2,2,1,1,2,2,2,2,1
3,4,4,4,4,4,1,3,2,4,3,2,1
1,2,1,2,1,1,1,1,1,2,1,1,1
2,2,1,2,2,2,2,2,1,2,2,2,1
1,1,1,1,1,1,1,1,2,1,1,2,1
1,1,1,1,1,1,1,1,1,1,1,1,1
1,1,1,1,1,1,1,1,1,1,1,1,1
1,1,1,1,1,1,1,1,1,3,2,1,1
2,2,2,4,1,2,1,2,3,1,2,3,1
1,2,1,2,1,2,1,3,1,2,2,3,1
3,2,2,2,1,2,1,2,3,2,2,3,2
1,1,1,1,1,1,1,1,1,1,1,1,1
1,1,1,1,1,1,1,1,1,1,1,1,1
1,1,1,1,1,1,1,1,1,1,1,1,1
1,1,1,1,1,1,1,1,1,1,1,1,1
2,2,2,2,1,1,2,1,1,1,2,2,1
1,1,1,1,1,1,1,1,1,1,1,1,2
2,2,3,2,2,2,1,2,3,1,2,2,1
1,1,1,1,1,1,1,1,1,1,1,1,1
1,1,1,1,1,1,1,1,1,1,1,2,1
2,2,2,1,2,2,1,1,2,2,1,1,1
1,2,1,1,1,1,1,1,1,1,1,1,1
1,2,1,1,1,1,1,1,1,1,1,1,1
2,2,2,3,2,2,1,3,2,3,3,3,1
1,2,2,1,1,1,1,1,1,1,1,1,1
1,1,1,1,2,2,1,2,2,2,2,2,1
1,2,1,2,1,1,1,3,1,1,1,1,1
4,4,2,2,2,4,2,2,2,2,1,2,4
1,1,1,1,1,1,1,1,1,1,1,1,1
1,1,1,1,1,1,1,1,1,1,1,1,1
2,2,2,2,2,2,1,2,2,2,1,2,1
1,1,1,1,1,1,1,1,1,1,1,1,1
2,2,1,2,1,2,1,2,1,3,1,3,3
1,1,1,1,1,1,1,2,2,2,1,2,3
1,1,1,1,1,1,1,1,1,1,1,2,1
1,1,1,1,1,1,1,2,1,1,1,1,1
4,3,4,4,2,3,3,1,3,4,3,4,3
1,1,2,3,2,2,1,2,1,4,2,2,2
1,1,1,1,1,1,1,1,1,2,1,1,1
2,2,2,1,1,2,1,1,2,2,1,2,1
1,1,1,1,1,1,1,2,1,2,2,2,1
2,3,2,2,2,2,1,1,3,4,4,4,2
1,1,1,1,1,2,1,1,1,2,2,2,1
1,1,1,1,1,1,1,1,1,2,1,2,2
2,3,2,4,4,4,4,3,2,2,3,4,4
1,1,1,1,1,1,1,1,1,1,1,1,1
1,1,1,1,1,1,1,1,1,1,1,1,1
1,1,1,1,1,1,1,1,1,1,1,1,1
1,1,1,2,1,2,1,1,2,2,3,2,2
2,2,2,1,3,4,1,2,4,2,3,2,2
1,1,1,3,3,1,1,1,1,1,1,1,1
1,1,1,1,1,1,1,1,1,2,1,2,1
2,2,2,2,1,2,1,1,1,2,2,2,2
3,2,1,2,1,2,2,2,1,1,2,2,2
1,1,2,1,2,1,1,1,1,2,1,1,1
1,1,1,1,1,1,1,1,1,1,1,1,1
1,1,1,1,1,1,1,1,1,1,1,1,1
1,1,1,1,1,1,1,1,1,1,1,1,1
1,1,1,1,1,1,1,1,1,1,1,1,1
2,4,4,1,1,1,1,1,1,1,2,1,2
1,1,1,1,1,1,1,1,1,1,1,1,1
2,3,3,2,2,2,2,2,3,3,2,2,1
2,1,1,1,1,1,1,1,1,1,1,1,1
1,2,2,2,2,2,1,2,3,2,2,2,2
4,4,3,4,3,4,1,3,3,4,3,4,2
1,1,1,1,1,1,1,1,1,1,1,1,1
1,1,1,1,1,1,1,1,1,1,1,2,2
1,1,1,1,1,1,1,3,1,1,1,1,1
1,1,1,1,1,1,1,1,1,1,1,1,1
1,2,2,2,1,2,1,2,1,3,2,3,2
2,2,2,2,1,2,1,3,2,1,2,2,3
2,2,2,1,1,2,1,1,1,2,1,1,1
1,2,1,1,1,1,1,1,1,1,1,1,1
1,1,1,2,1,1,1,2,1,2,1,1,1
1,2,2,1,2,2,1,1,1,2,2,2,1
1,1,1,1,1,1,1,1,1,2,1,2,1
1,1,1,1,1,2,1,1,1,2,1,1,1
1,1,1,1,1,2,1,1,1,2,1,2,1
1,1,1,1,1,1,1,1,1,1,1,1,1
1,1,1,1,1,1,1,1,1,1,1,1,1
3,3,2,3,2,2,2,3,1,1,1,2,1
1,1,1,1,1,1,1,1,1,1,1,1,1
1,1,2,2,1,2,1,2,2,3,2,4,2
1,1,1,1,1,1,1,1,1,1,1,1,1
1,2,2,1,1,1,1,1,1,2,1,1,2
2,2,2,2,2,2,2,2,2,2,2,2,1
1,2,1,1,1,1,1,1,1,2,1,1,1
2,1,1,1,1,1,1,1,1,1,1,1,1
2,3,2,2,2,3,1,3,3,2,2,2,1
2,2,1,1,1,1,1,3,2,1,1,2,3
1,1,1,1,1,1,1,1,1,1,1,1,1
3,3,4,3,4,3,2,3,3,4,3,3,2
1,1,1,1,1,1,1,1,1,1,1,2,1
1,1,1,1,1,1,1,1,1,1,1,2,1
1,1,1,2,1,1,1,1,1,1,2,2,1
2,2,1,1,1,1,1,1,1,1,1,2,1
1,3,3,4,1,2,2,1,1,2,3,3,1
1,2,1,1,1,1,1,1,1,1,1,2,1
1,2,2,1,1,2,1,1,2,1,2,2,1
3,4,4,1,4,4,2,1,3,4,2,1,1
2,1,3,1,1,2,1,2,2,1,2,1,1
1,1,1,1,1,1,1,1,1,1,1,1,1
1,1,1,1,1,1,1,1,1,1,1,1,1
1,1,1,1,1,1,1,1,1,1,1,1,1
1,1,2,2,2,2,1,1,2,2,2,2,1
1,1,1,1,1,1,1,2,1,1,1,1,1
3,2,3,3,2,3,1,3,3,1,3,2,2
1,1,2,2,3,2,1,1,1,4,1,2,2
4,4,4,2,2,4,1,1,2,3,3,1,1
1,1,1,1,1,1,1,1,1,1,1,1,1
1,2,1,2,1,2,1,2,1,2,3,3,1
1,1,2,2,1,1,1,2,1,2,2,2,1
1,1,2,1,2,1,1,1,1,1,2,1,1
2,2,2,1,1,2,1,2,1,3,2,2,3
2,3,2,2,1,2,1,2,2,3,1,3,1
2,3,1,2,2,1,1,2,1,2,1,2,1
1,1,1,1,1,2,1,1,1,3,1,1,1
1,1,1,1,1,1,1,1,1,1,1,1,1
1,1,1,1,1,1,1,1,1,1,1,2,1
1,1,1,1,1,1,1,1,1,1,1,1,1
1,1,1,2,1,1,1,2,1,1,1,1,2
2,3,2,2,1,2,1,3,2,1,2,2,2
3,3,3,3,2,2,3,3,2,3,3,3,3
1,1,2,1,2,2,1,1,2,1,2,1,2
1,1,1,1,1,1,1,1,1,1,1,1,1
4,2,3,4,3,3,3,3,3,2,3,2,3
1,2,1,1,1,1,1,1,1,1,1,1,1
1,1,1,1,1,1,1,1,1,1,1,1,1
1,1,1,1,1,1,1,1,1,1,1,1,1
1,1,1,1,1,2,1,1,1,2,1,1,1
2,2,3,2,1,2,2,2,3,2,3,2,1
2,1,1,2,2,2,2,1,2,1,1,2,2
1,1,1,1,1,1,1,1,1,1,1,1,1
1,1,1,1,1,1,1,2,1,1,1,1,1
1,1,1,1,1,1,1,1,1,1,1,1,1
1,1,2,2,1,1,1,2,2,2,2,2,2
3,2,2,3,2,3,1,3,3,2,3,3,3
1,1,1,1,1,1,1,1,1,1,1,1,1
1,1,1,2,1,1,1,2,2,1,1,2,2
1,1,1,1,1,1,1,1,2,1,1,2,1
2,2,2,2,2,2,1,2,2,1,2,2,2
2,2,2,3,1,2,1,4,2,2,2,2,3
2,2,2,3,2,2,1,2,1,2,2,2,1
2,1,1,2,2,2,2,1,1,3,1,2,1
2,3,3,2,2,3,1,2,3,2,3,4,2
3,1,2,2,2,3,1,2,3,4,2,2,1
2,2,2,2,2,2,1,2,3,3,3,2,1
3,4,4,4,4,2,1,3,2,2,2,3,1
2,1,2,2,2,2,1,2,1,2,2,2,2
1,2,1,1,1,1,1,1,1,1,1,1,1
4,4,3,4,4,4,1,2,1,3,3,4,4
1,1,1,1,1,1,1,1,1,1,2,2,1
1,1,1,1,1,1,1,1,1,1,1,1,1
2,2,2,2,1,2,1,2,1,1,1,1,1
1,1,2,1,1,1,1,1,2,1,2,2,1
1,2,1,1,1,1,1,1,1,2,1,1,1
1,2,2,2,1,2,1,1,1,3,1,2,1
2,1,1,2,2,1,1,2,1,2,1,1,2
1,2,2,2,1,2,1,2,1,1,1,2,1
1,1,1,1,1,1,1,1,1,1,1,1,1
1,1,1,1,1,2,1,1,1,2,1,2,1
1,1,1,1,1,1,1,1,2,1,1,2,1
1,2,2,2,2,2,1,2,3,3,4,4,3
1,2,1,1,1,1,1,1,1,1,2,2,1
1,2,2,1,2,2,1,1,1,2,1,1,1
2,2,3,1,2,2,1,2,1,4,1,1,1
1,1,1,1,1,1,1,3,2,1,2,2,1
1,1,1,1,1,1,1,1,1,1,1,1,1
2,3,3,2,3,2,3,2,1,2,2,1,2
1,1,1,1,1,1,1,1,1,1,1,1,1
1,2,1,1,1,1,1,1,1,1,1,1,1
1,1,2,1,2,2,1,1,1,1,2,1,1
2,1,2,1,1,1,1,1,2,2,1,2,1
1,1,1,1,1,1,1,1,1,1,1,1,1
4,4,4,4,4,4,2,4,4,4,3,4,3
1,2,1,1,1,1,1,2,1,1,1,1,1
1,1,1,1,2,3,1,1,2,3,2,2,1
1,2,2,4,3,4,2,2,3,3,2,2,2
2,3,2,2,3,3,1,2,3,1,1,3,2
2,3,2,3,3,2,3,2,2,2,3,2,2
1,2,2,1,1,1,1,1,1,1,1,1,1
1,2,1,1,1,1,1,1,1,2,2,2,1
2,3,2,1,1,2,1,2,2,1,2,2,1
1,1,1,1,1,1,1,1,1,1,1,1,1
2,2,3,2,1,2,1,2,2,3,2,1,1
1,1,1,1,1,1,1,1,1,1,1,1,1
1,1,1,1,1,1,1,1,1,1,1,2,2
1,1,1,1,1,1,1,1,1,1,1,1,1
3,2,3,4,2,2,2,3,2,3,4,3,1
1,1,1,1,1,1,1,1,1,1,1,1,1
2,1,1,1,1,1,1,1,1,1,1,1,1
2,2,3,2,3,2,1,2,1,2,3,2,3
3,3,2,3,2,2,1,2,2,2,2,2,2
3,2,3,2,3,2,2,3,2,3,3,3,2
2,1,1,1,1,1,1,1,1,1,1,1,1
2,2,2,2,2,2,1,2,3,3,2,2,2
2,2,2,2,2,2,1,2,2,2,2,2,1
2,3,2,2,3,2,1,3,2,3,2,2,2
1,1,1,1,1,1,1,1,1,2,1,2,2
1,2,1,1,1,1,1,1,1,1,1,1,1
2,2,3,2,2,2,2,2,1,2,2,1,2
1,1,1,2,3,1,1,1,1,1,1,1,1
1,1,1,1,1,1,1,2,1,1,1,1,1
1,1,1,1,1,1,1,3,1,1,2,2,1
1,1,1,1,1,1,1,1,1,1,1,1,1
1,1,1,1,1,1,1,1,1,1,1,1,1
2,2,3,3,3,4,2,2,2,3,1,2,1
1,1,1,1,1,1,1,1,1,1,1,1,1
2,2,1,2,1,1,1,1,1,1,2,1,1
4,3,2,4,4,2,2,2,2,3,2,2,3
4,3,1,1,1,1,1,1,1,1,1,1,2
1,1,1,1,1,1,1,1,1,1,1,1,1
1,1,1,1,1,1,1,1,1,1,1,1,1
3,2,2,2,3,3,2,2,3,2,2,4,1
1,2,1,1,1,1,1,2,1,2,1,2,1
2,1,3,2,2,2,1,3,2,3,2,2,1
1,1,1,1,2,2,1,2,1,2,1,1,1
3,3,1,3,1,1,1,3,1,2,1,1,1
1,1,1,1,1,1,1,1,1,1,1,1,1
1,1,1,1,1,1,1,1,1,1,1,1,1
1,1,1,1,1,1,1,2,1,1,1,2,1
1,1,1,1,1,1,1,1,1,1,1,1,1
2,2,2,2,1,2,2,3,2,1,2,2,1
1,1,1,1,1,1,1,3,1,1,1,1,1
2,1,1,1,1,2,1,1,2,2,3,3,3
1,2,2,2,1,1,1,2,3,3,2,3,1
1,1,1,1,1,1,1,1,2,1,2,2,1
1,1,1,1,1,1,1,1,1,1,1,1,1
2,2,1,2,1,1,1,2,1,1,2,2,1
2,2,1,2,1,2,1,1,2,2,2,2,1
1,1,2,1,1,1,1,1,2,1,1,1,1
1,1,1,1,1,1,1,1,1,1,1,1,1
2,1,3,1,1,2,1,1,1,4,1,1,1
3,4,4,4,4,4,2,2,3,4,3,3,1
1,2,2,1,2,2,1,2,1,2,1,2,1
2,4,2,4,2,2,2,1,3,2,3,2,1
1,1,1,1,1,1,1,1,1,1,1,2,1
1,1,1,1,1,1,1,1,1,1,1,1,1
2,1,2,1,1,2,1,1,1,1,1,1,1
1,1,1,1,1,1,1,1,1,3,1,1,1
1,1,1,1,1,2,1,2,2,3,3,2,1
1,1,1,1,1,1,1,1,1,1,1,1,1
1,1,1,1,1,1,1,1,1,1,1,1,1
1,1,1,1,1,1,1,1,1,1,1,1,1
3,3,4,2,2,4,2,3,1,3,3,3,1
3,4,3,3,1,1,2,1,2,2,1,2,3
2,2,2,2,1,1,1,2,2,2,2,1,1
2,2,2,1,1,1,1,1,1,2,1,2,1
1,1,1,1,1,1,1,1,1,1,1,1,1
